-- phpMyAdmin SQL Dump
-- version phpStudy 2014
-- http://www.phpmyadmin.net
--
-- 主机: localhost
-- 生成日期: 2018 ?01 ?25 ?06:18
-- 服务器版本: 5.5.53
-- PHP 版本: 5.6.27

SET SQL_MODE="NO_AUTO_VALUE_ON_ZERO";
SET time_zone = "+00:00";


/*!40101 SET @OLD_CHARACTER_SET_CLIENT=@@CHARACTER_SET_CLIENT */;
/*!40101 SET @OLD_CHARACTER_SET_RESULTS=@@CHARACTER_SET_RESULTS */;
/*!40101 SET @OLD_COLLATION_CONNECTION=@@COLLATION_CONNECTION */;
/*!40101 SET NAMES utf8 */;

--
-- 数据库: `sinoye`
--

-- --------------------------------------------------------

--
-- 表的结构 `sinoye_about_us`
--

CREATE TABLE IF NOT EXISTS `sinoye_about_us` (
  `id` int(11) NOT NULL AUTO_INCREMENT,
  `en_title` varchar(255) DEFAULT NULL,
  `zn_title` varchar(255) DEFAULT NULL,
  `infopic` varchar(50) DEFAULT NULL,
  `news_title` varchar(255) DEFAULT NULL,
  `content` text,
  `banner` varchar(50) DEFAULT NULL,
  `photo` varchar(255) DEFAULT NULL,
  `group` varchar(50) NOT NULL COMMENT '所属部分',
  `create_time` varchar(50) DEFAULT NULL,
  `order` int(11) DEFAULT '0',
  PRIMARY KEY (`id`)
) ENGINE=MyISAM  DEFAULT CHARSET=utf8 COMMENT='关于我们' AUTO_INCREMENT=11 ;

--
-- 转存表中的数据 `sinoye_about_us`
--

INSERT INTO `sinoye_about_us` (`id`, `en_title`, `zn_title`, `infopic`, `news_title`, `content`, `banner`, `photo`, `group`, `create_time`, `order`) VALUES
(2, 'COMPANY INTORDUTION', '叶晟荣介绍', NULL, '历经12载、策略型品牌设计与研究机构', '<p>北京叶晟荣品牌设计顾问有限公司成立于中国家居行业爆棚期的新世纪初，至今已发展成为中国极具影响力的综合性品牌策略咨询和设计公司。不同于管理咨询公司和泛设计公司，叶晟荣团队专注于为家居行业提供品牌策略、品牌设计、品牌体验与品牌推广整体解决方案，协助客户创建极具情感影响力的性感品牌形象，以品牌营销模式引导家居行业的商业变革。</p>', NULL, 'http://localhost/vuethink/php/uploads/20171208/d3bf3b794d1a6d6f07762156bcc4af70.png', 'first', '2017-11-27 13:51', 1),
(3, 'COMPANY INTORDUTION', '叶晟荣介绍', NULL, '专注服务家居行业，国际视野、本土创新', '<p>强势品牌需专业创造，叶晟荣提供从策略到设计、再到监理制作及落地的一站式服务，通过创新性、个性化、实效性的品牌策略与设计方式，并运用叶晟荣自有“性感品牌”创作模式，帮助客户构建极具情感影响力的品牌体系，协助更多的中国企业塑造国际化的品牌形象。 我们坚信专业的力量，用实效性的设计帮助家居行业客户降低企业运营成本，创造超越竞争对手的品牌竞争力，用品牌的力量驱动企业的持续发展。</p>', NULL, 'http://localhost/vuethink/php/uploads/20171208/641c2c74b2aa3c4cc2f312c6ca597364.png', 'first', '2017-11-27 13:51', 2),
(4, 'banner中间图', 'banner中间图', NULL, 'banner中间图', '<p>banner中间图</p>', NULL, 'http://localhost/vuethink/php/uploads/20171208/475c4269541c77527ffe3589fdf6e2ba.png', 'second', '2017-11-27 13:51', 3),
(5, 'OUR ADVANDAGES', '我们的优势', NULL, '我们的优势', '<p class="our-adva-para"><em>专注于为家居企业提供品牌整合营销整体解决方案！</em><em>如果您想与已从事家居行业，如果您想树立强势品牌，那叶晟荣品牌策划与设计一定能帮到您。我们不是矫揉造作、满口术语的创</em><em>作类型，也就是说，您得到的是专业人员准备且能够聆听您的想法，了解到您的需求后创造出强劲的设计活动，用专业的服务给</em> <em>您想要的结果。</em><em>专 注：专注于家居行业品牌策略与设计</em><em>专 业：9年、全国范围、500多家家居企业客户</em><em>实 效：听懂客户需求、整合企业资源、创建实效性品牌体系</em><em>创 新：以市场为导向、国际视野、本土化创新</em></p>', NULL, 'http://localhost/vuethink/php/uploads/20171208/ee5c9b1da7970aa19e6fdef9b8a88c8c.png', 'three', '2017-11-27 13:52', 4),
(6, 'OUR TEAM', '我们的团队', NULL, '叶晟荣', '<p>叶晟荣品牌设计顾问（北上广）创始人</p><p>专注泛家居领域品牌战略咨询</p><p>品牌塑造及品牌营销12年，家居建材行业营销专家</p><p>定制家居行业资深专家</p><p>深入研究及众多案例实践经验， 协助客户塑造极具市</p><p>场竞争力及持续性发展的品牌形象</p>', NULL, 'http://localhost/vuethink/php/uploads/20171208/f14377e064e23e6152b738fe90464d94.png', 'four', '2017-11-27 13:52', 6),
(7, '底部轮播图', '底部轮播图', NULL, '底部轮播图', '<p>底部轮播图</p>', NULL, 'http://localhost/vuethink/php/uploads/20171208/1f76b851000bb2aef4efb8a8f8ab4291.jpg', 'five', '2017-11-27 13:52', 7),
(10, 'OUR ADVANDAGES', '我们的优势', NULL, '我们的优势', '', NULL, 'http://localhost/vuethink/php/uploads/20171208/cbeeb5163f7b63a18ce6b9f857b0ef31.png', 'three', '2017-12-08T02:11:24.444Z', 5);

-- --------------------------------------------------------

--
-- 表的结构 `sinoye_admin_access`
--

CREATE TABLE IF NOT EXISTS `sinoye_admin_access` (
  `user_id` int(11) DEFAULT NULL,
  `group_id` int(11) DEFAULT NULL
) ENGINE=InnoDB DEFAULT CHARSET=utf8;

--
-- 转存表中的数据 `sinoye_admin_access`
--

INSERT INTO `sinoye_admin_access` (`user_id`, `group_id`) VALUES
(2, 15),
(3, 16),
(4, 15),
(5, 16),
(6, 16);

-- --------------------------------------------------------

--
-- 表的结构 `sinoye_admin_group`
--

CREATE TABLE IF NOT EXISTS `sinoye_admin_group` (
  `id` int(11) NOT NULL AUTO_INCREMENT,
  `title` varchar(100) DEFAULT NULL,
  `rules` varchar(4000) DEFAULT NULL,
  `pid` int(11) DEFAULT NULL,
  `remark` varchar(100) DEFAULT NULL,
  `status` tinyint(3) DEFAULT '1',
  PRIMARY KEY (`id`)
) ENGINE=InnoDB  DEFAULT CHARSET=utf8 COMMENT='权限表' AUTO_INCREMENT=17 ;

--
-- 转存表中的数据 `sinoye_admin_group`
--

INSERT INTO `sinoye_admin_group` (`id`, `title`, `rules`, `pid`, `remark`, `status`) VALUES
(15, '普通会员', '1,2,3,4,5,6,7,8,9,10,30,31,32,33,34,35,36,37,38,39,40,41,42,43,44,45,46,47,48,49,50,51,52,53,54,55,56,57,59,61,62,63,28,29', 0, '最厉害的组别', 1),
(16, '超级管理员', '10,30,31,32,33,34,35,36,37,28,29,11,13,14,15,16,17,18,19,20,21,22,23,24,25,26,27,38,39,40,41,42,43,44,45,46,47,48,49,50,51,52,53,54,55,56,57,59,61,62,63', NULL, '超级管理员', 1);

-- --------------------------------------------------------

--
-- 表的结构 `sinoye_admin_menu`
--

CREATE TABLE IF NOT EXISTS `sinoye_admin_menu` (
  `id` int(11) unsigned NOT NULL AUTO_INCREMENT COMMENT '菜单ID',
  `pid` int(11) unsigned DEFAULT '0' COMMENT '上级菜单ID',
  `title` varchar(32) DEFAULT '' COMMENT '菜单名称',
  `url` varchar(127) DEFAULT '' COMMENT '链接地址',
  `nav` varchar(50) DEFAULT '0' COMMENT '前台导航路径',
  `icon` varchar(64) DEFAULT '' COMMENT '图标',
  `menu_type` tinyint(4) DEFAULT NULL COMMENT '菜单类型',
  `sort` tinyint(4) unsigned DEFAULT '0' COMMENT '排序（同级有效）',
  `status` tinyint(4) DEFAULT '1' COMMENT '状态',
  `rule_id` int(11) DEFAULT NULL COMMENT '权限id',
  `module` varchar(50) DEFAULT NULL,
  `menu` varchar(50) DEFAULT NULL COMMENT '三级菜单吗',
  PRIMARY KEY (`id`)
) ENGINE=InnoDB  DEFAULT CHARSET=utf8 COMMENT='【配置】后台菜单表' AUTO_INCREMENT=75 ;

--
-- 转存表中的数据 `sinoye_admin_menu`
--

INSERT INTO `sinoye_admin_menu` (`id`, `pid`, `title`, `url`, `nav`, `icon`, `menu_type`, `sort`, `status`, `rule_id`, `module`, `menu`) VALUES
(52, 0, '叶晟荣品牌设计顾问后台管理系统', '', NULL, '', 1, 0, 1, 10, 'Administrative', ''),
(53, 52, '系统配置', '', NULL, '', 1, 1, 1, 61, 'Administrative', ''),
(54, 53, '菜单管理', '/home/menu/list', NULL, '', 1, 1, 1, 21, 'Administrative', 'menu'),
(55, 53, '系统参数', '/home/config/add', NULL, '', 1, 3, 1, 13, 'Administrative', 'systemConfig'),
(56, 53, '权限规则', '/home/rule/list', NULL, '', 1, 2, 1, 13, 'Administrative', 'rule'),
(57, 52, '组织架构', '', NULL, '', 1, 5, 1, 63, 'Administrative', ''),
(58, 57, '岗位管理', '/home/position/list', NULL, '', 1, 0, 1, 31, 'Administrative', 'position'),
(59, 57, '部门管理', '/home/structures/list', NULL, '', 1, 0, 1, 39, 'Administrative', 'structures'),
(60, 57, '用户组管理', '/home/groups/list', NULL, '', 1, 0, 1, 47, 'Administrative', 'groups'),
(61, 52, '账户管理', '', NULL, '', 1, 0, 1, 62, 'Administrative', ''),
(62, 61, '账户列表', '/home/users/list', NULL, '', 1, 0, 1, 55, 'Administrative', 'users'),
(63, 52, '栏目管理', '', NULL, '', 1, 2, 1, 64, 'Administrative', ''),
(64, 63, '服务', '/home/service/list', '/serve', '', 1, 1, 1, 64, 'Administrative', 'category'),
(65, 63, '案例', '/home/case/list', '/cases', '', 1, 2, 1, 64, 'Administrative', 'category'),
(66, 63, '我们', '/home/aboutus/list', '/ours', '', 1, 3, 1, 64, 'Administrative', 'category'),
(67, 63, '观点/动态', '/home/news/list', '/point', '', 1, 4, 1, 64, 'Administrative', 'category'),
(68, 63, '联系', '/home/contact/list', '/call', '', 1, 5, 1, 64, 'Administrative', 'category'),
(69, 63, '客服', '/home/talk/list', '/server', '', 1, 6, 1, 64, 'Administrative', 'category'),
(70, 52, '其他管理', '', NULL, '', 1, 3, 1, 66, 'Administrative', ''),
(71, 70, '首页管理', '/home/shouye/list', NULL, '', 1, 1, 1, 66, 'Administrative', 'other'),
(72, 70, '数据库管理', '/home/mysqls/list', '', '', 1, 3, 1, 66, 'Administrative', 'other'),
(73, 70, '友情链接', '/home/friend/list', '', '', 1, 2, 1, 66, 'Administrative', 'other'),
(74, 70, '案例分类', '/home/casetype/list', '', '', 1, 3, 1, 66, 'Administrative', 'casetype');

-- --------------------------------------------------------

--
-- 表的结构 `sinoye_admin_post`
--

CREATE TABLE IF NOT EXISTS `sinoye_admin_post` (
  `id` int(11) NOT NULL AUTO_INCREMENT,
  `name` varchar(200) DEFAULT NULL COMMENT '岗位名称',
  `remark` varchar(200) DEFAULT NULL COMMENT '岗位备注',
  `create_time` int(11) DEFAULT NULL COMMENT '数据创建时间',
  `status` tinyint(5) DEFAULT '1' COMMENT '状态1启用,0禁用',
  PRIMARY KEY (`id`)
) ENGINE=InnoDB  DEFAULT CHARSET=utf8 COMMENT='岗位表' AUTO_INCREMENT=32 ;

--
-- 转存表中的数据 `sinoye_admin_post`
--

INSERT INTO `sinoye_admin_post` (`id`, `name`, `remark`, `create_time`, `status`) VALUES
(5, '后端开发工程师', '', 1484706862, 1),
(6, '前端开发工程师', '', 1484706863, 1),
(7, '设计师', '', 1484706863, 1),
(11, '文案策划', '', 1484706863, 1),
(12, '产品助理', '', 1484706863, 1),
(15, '总经理', '', 1484706863, 1),
(20, '项目经理', '', 1484706863, 1),
(25, '职能', '', 1484706863, 1),
(26, '项目助理', '', 1484706863, 1),
(28, '人事经理', '', 1484706863, 1),
(29, 'CEO', '', 1484706863, 1),
(30, '品牌策划', '', 1484706863, 1),
(31, '前端研发工程师', '', 1484706863, 1);

-- --------------------------------------------------------

--
-- 表的结构 `sinoye_admin_rule`
--

CREATE TABLE IF NOT EXISTS `sinoye_admin_rule` (
  `id` int(11) NOT NULL AUTO_INCREMENT,
  `title` varchar(100) DEFAULT '' COMMENT '名称',
  `name` varchar(100) DEFAULT '' COMMENT '定义',
  `level` tinyint(5) DEFAULT NULL COMMENT '级别。1模块,2控制器,3操作',
  `pid` int(11) DEFAULT '0' COMMENT '父id，默认0',
  `status` tinyint(3) DEFAULT '1' COMMENT '状态，1启用，0禁用',
  PRIMARY KEY (`id`)
) ENGINE=InnoDB  DEFAULT CHARSET=utf8 COMMENT='节点表' AUTO_INCREMENT=67 ;

--
-- 转存表中的数据 `sinoye_admin_rule`
--

INSERT INTO `sinoye_admin_rule` (`id`, `title`, `name`, `level`, `pid`, `status`) VALUES
(10, '系统基础功能', 'admin', 1, 0, 1),
(11, '权限规则', 'rules', 2, 10, 1),
(13, '规则列表', 'index', 3, 11, 1),
(14, '权限详情', 'read', 3, 11, 1),
(15, '编辑权限', 'update', 3, 11, 1),
(16, '删除权限', 'delete', 3, 11, 1),
(17, '添加权限', 'save', 3, 11, 1),
(18, '批量删除权限', 'deletes', 3, 11, 1),
(19, '批量启用/禁用权限', 'enables', 3, 11, 1),
(20, '菜单管理', 'menus', 2, 10, 1),
(21, '菜单列表', 'index', 3, 20, 1),
(22, '添加菜单', 'save', 3, 20, 1),
(23, '菜单详情', 'read', 3, 20, 1),
(24, '编辑菜单', 'update', 3, 20, 1),
(25, '删除菜单', 'delete', 3, 20, 1),
(26, '批量删除菜单', 'deletes', 3, 20, 1),
(27, '批量启用/禁用菜单', 'enables', 3, 20, 1),
(28, '系统管理', 'systemConfigs', 2, 10, 1),
(29, '修改系统配置', 'save', 3, 28, 1),
(30, '岗位管理', 'posts', 2, 10, 1),
(31, '岗位列表', 'index', 3, 30, 1),
(32, '岗位详情', 'read', 3, 30, 1),
(33, '编辑岗位', 'update', 3, 30, 1),
(34, '删除岗位', 'delete', 3, 30, 1),
(35, '添加岗位', 'save', 3, 30, 1),
(36, '批量删除岗位', 'deletes', 3, 30, 1),
(37, '批量启用/禁用岗位', 'enables', 3, 30, 1),
(38, '部门管理', 'structures', 2, 10, 1),
(39, '部门列表', 'index', 3, 38, 1),
(40, '部门详情', 'read', 3, 38, 1),
(41, '编辑部门', 'update', 3, 38, 1),
(42, '删除部门', 'delete', 3, 38, 1),
(43, '添加部门', 'save', 3, 38, 1),
(44, '批量删除部门', 'deletes', 3, 38, 1),
(45, '批量启用/禁用部门', 'enables', 3, 38, 1),
(46, '用户组管理', 'groups', 2, 10, 1),
(47, '用户组列表', 'index', 3, 46, 1),
(48, '用户组详情', 'read', 3, 46, 1),
(49, '编辑用户组', 'update', 3, 46, 1),
(50, '删除用户组', 'delete', 3, 46, 1),
(51, '添加用户组', 'save', 3, 46, 1),
(52, '批量删除用户组', 'deletes', 3, 46, 1),
(53, '批量启用/禁用用户组', 'enables', 3, 46, 1),
(54, '成员管理', 'users', 2, 10, 1),
(55, '成员列表', 'index', 3, 54, 1),
(56, '成员详情', 'read', 3, 54, 1),
(57, '删除成员', 'delete', 3, 54, 1),
(59, '管理菜单', 'Adminstrative', 2, 10, 1),
(61, '系统管理二级菜单', 'systemConfig', 1, 59, 1),
(62, '账户管理二级菜单', 'personnel', 3, 59, 1),
(63, '组织架构二级菜单', 'structures', 3, 59, 1),
(64, '栏目管理二级菜单', 'Class', 3, 59, 1),
(65, '栏目列表', 'index', 3, 20, 1),
(66, '其他管理二级菜单', 'other', 3, 59, 1);

-- --------------------------------------------------------

--
-- 表的结构 `sinoye_admin_structure`
--

CREATE TABLE IF NOT EXISTS `sinoye_admin_structure` (
  `id` int(11) NOT NULL AUTO_INCREMENT,
  `name` varchar(200) DEFAULT '',
  `pid` int(11) DEFAULT '0',
  `status` tinyint(3) DEFAULT '1',
  PRIMARY KEY (`id`)
) ENGINE=InnoDB  DEFAULT CHARSET=utf8 COMMENT='公司结构表' AUTO_INCREMENT=60 ;

--
-- 转存表中的数据 `sinoye_admin_structure`
--

INSERT INTO `sinoye_admin_structure` (`id`, `name`, `pid`, `status`) VALUES
(57, '企业微信', 0, 1),
(58, '设计部', 57, 1),
(59, '网络部', 57, 1);

-- --------------------------------------------------------

--
-- 表的结构 `sinoye_admin_user`
--

CREATE TABLE IF NOT EXISTS `sinoye_admin_user` (
  `id` int(11) NOT NULL AUTO_INCREMENT COMMENT '主键',
  `username` varchar(100) DEFAULT NULL COMMENT '管理后台账号',
  `password` varchar(100) DEFAULT NULL COMMENT '管理后台密码',
  `remark` varchar(100) DEFAULT NULL COMMENT '用户备注',
  `create_time` int(11) DEFAULT NULL,
  `realname` varchar(100) DEFAULT NULL COMMENT '真实姓名',
  `structure_id` int(11) DEFAULT NULL COMMENT '部门',
  `post_id` int(11) DEFAULT NULL COMMENT '岗位',
  `status` tinyint(3) DEFAULT NULL COMMENT '状态,1启用0禁用',
  PRIMARY KEY (`id`)
) ENGINE=InnoDB  DEFAULT CHARSET=utf8 COMMENT='后台管理员表' AUTO_INCREMENT=5 ;

--
-- 转存表中的数据 `sinoye_admin_user`
--

INSERT INTO `sinoye_admin_user` (`id`, `username`, `password`, `remark`, `create_time`, `realname`, `structure_id`, `post_id`, `status`) VALUES
(1, 'admin', 'd93a5def7511da3d0f2d171d9c344e91', '', NULL, '超级管理员', 1, 5, 1),
(3, '1', '0c7540eb7e65b553ec1ba6b20de79608', '11111', 1487217060, '用户A', 58, 20, 1),
(4, 'admin123', 'e9fd363bedc114628fe2cdce1493db15', '超级管理员222', 1509611337, 'lxw', 58, NULL, 1);

-- --------------------------------------------------------

--
-- 表的结构 `sinoye_cases`
--

CREATE TABLE IF NOT EXISTS `sinoye_cases` (
  `id` int(11) NOT NULL AUTO_INCREMENT,
  `pid` int(11) NOT NULL COMMENT '案例分类',
  `logo` varchar(255) DEFAULT NULL,
  `title` varchar(255) CHARACTER SET utf8 COLLATE utf8_estonian_ci DEFAULT NULL,
  `subtitle` varchar(255) DEFAULT NULL,
  `type` varchar(50) NOT NULL COMMENT '所属分类',
  `content` text NOT NULL,
  `order` int(11) DEFAULT NULL,
  `create_time` varchar(50) DEFAULT NULL,
  `status` varchar(50) NOT NULL DEFAULT '0' COMMENT '0不推送1推送',
  PRIMARY KEY (`id`)
) ENGINE=MyISAM  DEFAULT CHARSET=utf8 COMMENT='案例表' AUTO_INCREMENT=28 ;

--
-- 转存表中的数据 `sinoye_cases`
--

INSERT INTO `sinoye_cases` (`id`, `pid`, `logo`, `title`, `subtitle`, `type`, `content`, `order`, `create_time`, `status`) VALUES
(8, 2, 'http://localhost/vuethink/php/uploads/20171130/a51e501a95281e1ca4704422ea862537.jpg', '碧江家居', '碧江家居、必将为您', '', '<p><img src="http://localhost//vuethink/php/ueditor/20171124/1511489446809255.jpg" title="1511489446809255.jpg"/></p><p><img src="http://localhost//vuethink/php/ueditor/20171124/1511489446863174.jpg" title="1511489446863174.jpg"/></p><p><img src="http://localhost//vuethink/php/ueditor/20171124/1511489446121835.jpg" title="1511489446121835.jpg"/></p><p><img src="http://localhost//vuethink/php/ueditor/20171124/1511489446778617.jpg" title="1511489446778617.jpg"/></p><p><img src="http://localhost//vuethink/php/ueditor/20171124/1511489447115841.jpg" title="1511489447115841.jpg"/></p><p><img src="http://localhost//vuethink/php/ueditor/20171124/1511489447702364.jpg" title="1511489447702364.jpg"/></p><p><img src="http://localhost//vuethink/php/ueditor/20171124/1511489447134749.jpg" title="1511489447134749.jpg"/></p><p><img src="http://localhost//vuethink/php/ueditor/20171124/1511489447378937.jpg" title="1511489447378937.jpg"/></p><p><img src="http://localhost//vuethink/php/ueditor/20171124/1511489447106279.jpg" title="1511489447106279.jpg"/></p><p><br/></p>', 1, '2017-11-27 13:55', '1'),
(9, 3, 'http://localhost/vuethink/php/uploads/20171130/1e49134f29ac2e1402f3b1a6b0c426e5.JPG', '博士屋', '纯木、全屋、简约、气质、自然、环保', '', '<p><img src="http://localhost//vuethink/php/ueditor/20171124/1511489609442624.jpg" title="1511489609442624.jpg"/></p><p><img src="http://localhost//vuethink/php/ueditor/20171124/1511489609117769.jpg" title="1511489609117769.jpg"/></p><p><img src="http://localhost//vuethink/php/ueditor/20171124/1511489609493101.jpg" title="1511489609493101.jpg"/></p><p><img src="http://localhost//vuethink/php/ueditor/20171124/1511489609129706.jpg" title="1511489609129706.jpg" width="2205" height="1418"/></p><p><img src="http://localhost//vuethink/php/ueditor/20171124/1511489609457083.jpg" title="1511489609457083.jpg"/></p><p><img src="http://localhost//vuethink/php/ueditor/20171124/1511489609108151.jpg" title="1511489609108151.jpg"/></p><p><img src="http://localhost//vuethink/php/ueditor/20171124/1511489609167522.jpg" title="1511489609167522.jpg"/></p><p><img src="http://localhost//vuethink/php/ueditor/20171124/1511489609104550.jpg" title="1511489609104550.jpg"/></p><p><img src="http://localhost//vuethink/php/ueditor/20171124/1511489610125949.jpg" title="1511489610125949.jpg"/></p><p><img src="http://localhost//vuethink/php/ueditor/20171124/1511489610235168.jpg" title="1511489610235168.jpg"/></p><p><br/></p>', 2, '2017-11-27 13:56', '1'),
(10, 5, 'http://localhost/vuethink/php/uploads/20171201/8a4dd34e3e3274547ef7df4b99e5de80.JPG', '川普', '川普——高品质吸塑膜', '', '<p><img src="http://localhost//vuethink/php/ueditor/20171124/1511489719129590.jpg" title="1511489719129590.jpg"/></p><p><img src="http://localhost//vuethink/php/ueditor/20171124/1511489719122666.jpg" title="1511489719122666.jpg"/></p><p><img src="http://localhost//vuethink/php/ueditor/20171124/1511489719498437.jpg" title="1511489719498437.jpg"/></p><p><img src="http://localhost//vuethink/php/ueditor/20171124/1511489720104872.jpg" title="1511489720104872.jpg"/></p><p><img src="http://localhost//vuethink/php/ueditor/20171124/1511489720132770.jpg" title="1511489720132770.jpg"/></p><p><br/></p>', 3, '2017-11-27 13:56', '1'),
(11, 6, 'http://localhost/vuethink/php/uploads/20171201/74fc7b5e3ae75449c342a7620e6536a2.JPG', '重庆建材展', '重庆建材展——覆盖中西部地区', '', '<p><img src="http://localhost//vuethink/php/ueditor/20171124/1511489802832019.jpg" title="1511489802832019.jpg"/></p><p><img src="http://localhost//vuethink/php/ueditor/20171124/1511489802135713.jpg" title="1511489802135713.jpg"/></p><p><img src="http://localhost//vuethink/php/ueditor/20171124/1511489803785932.jpg" title="1511489803785932.jpg"/></p><p><img src="http://localhost//vuethink/php/ueditor/20171124/1511489803137813.jpg" title="1511489803137813.jpg"/></p><p><img src="http://localhost//vuethink/php/ueditor/20171124/1511489803253672.jpg" title="1511489803253672.jpg"/></p><p><br/></p>', 4, '2017-11-27 13:56', '1'),
(12, 4, 'http://localhost/vuethink/php/uploads/20171130/e9c2ba6eb4c481e7acfb4d0484fd8f86.JPG', '德雅诺', '德雅诺——创造健康舒适生活！', '', '<p><img src="http://localhost//vuethink/php/ueditor/20171201/1512125417302728.jpg" title="1512125417302728.jpg"/></p><p><img src="http://localhost//vuethink/php/ueditor/20171201/1512125417152719.jpg" title="1512125417152719.jpg"/></p><p><img src="http://localhost//vuethink/php/ueditor/20171201/1512125417239256.jpg" title="1512125417239256.jpg"/></p><p><img src="http://localhost//vuethink/php/ueditor/20171201/1512125417701159.jpg" title="1512125417701159.jpg"/></p><p><img src="http://localhost//vuethink/php/ueditor/20171201/1512125417328031.jpg" title="1512125417328031.jpg"/></p><p><br/></p>', 5, '2017-11-27 13:56', '2'),
(13, 7, 'http://localhost/vuethink/php/uploads/20171130/359dc6df1bf41acafbe79217c66629a1.JPG', '鼎丰安盛门业', '鼎丰安盛门业——DFAS DOOR', '', '<p><img src="http://localhost//vuethink/php/ueditor/20171204/1512355542130988.jpg" title="1512355542130988.jpg"/></p><p><img src="http://localhost//vuethink/php/ueditor/20171204/1512355542101107.jpg" title="1512355542101107.jpg"/></p><p><img src="http://localhost//vuethink/php/ueditor/20171204/1512355542963137.jpg" title="1512355542963137.jpg"/></p><p><br/></p>', 6, '2017-11-27 13:56', '2'),
(14, 4, 'http://localhost/vuethink/php/uploads/20171130/f1900229bd0d90d95b1b78adf4b96246.JPG', '法迪曼', '法迪曼——专注全屋定制', '', '<p><img src="http://localhost//vuethink/php/ueditor/20171204/1512355627468099.jpg" title="1512355627468099.jpg"/></p><p><img src="http://localhost//vuethink/php/ueditor/20171204/1512355627862012.jpg" title="1512355627862012.jpg"/></p><p><img src="http://localhost//vuethink/php/ueditor/20171204/1512355627224109.jpg" title="1512355627224109.jpg"/></p><p><img src="http://localhost//vuethink/php/ueditor/20171204/1512355627923074.jpg" title="1512355627923074.jpg"/></p><p><img src="http://localhost//vuethink/php/ueditor/20171204/1512355627484150.jpg" title="1512355627484150.jpg"/></p><p><br/></p>', 7, '2017-11-27 13:57', '2'),
(15, 3, 'http://localhost/vuethink/php/uploads/20171130/87c0bf4fe1b310b141ab2c16bbe1d824.jpg', '孚顺', '孚顺、炫彩馨生活！', '', '<p><img src="http://localhost//vuethink/php/ueditor/20171204/1512355657639796.jpg" title="1512355657639796.jpg" alt="fs1.jpg"/></p>', 8, '2017-11-27 13:57', '2'),
(22, 4, 'http://localhost/vuethink/php/uploads/20171130/79b507aba02a1716c68d0ee7409c355f.JPG', '锦的家居', '锦的家居——为您生活锦上添花', '', '<p><img src="http://localhost//vuethink/php/ueditor/20171204/1512355699508205.jpg" title="1512355699508205.jpg"/></p><p><img src="http://localhost//vuethink/php/ueditor/20171204/1512355699101296.jpg" title="1512355699101296.jpg"/></p><p><img src="http://localhost//vuethink/php/ueditor/20171204/1512355699712907.jpg" title="1512355699712907.jpg"/></p><p><img src="http://localhost//vuethink/php/ueditor/20171204/1512355699125166.jpg" title="1512355699125166.jpg"/></p><p><img src="http://localhost//vuethink/php/ueditor/20171204/1512355699783436.jpg" title="1512355699783436.jpg"/></p><p><img src="http://localhost//vuethink/php/ueditor/20171204/1512355699104222.jpg" title="1512355699104222.jpg"/></p><p><img src="http://localhost//vuethink/php/ueditor/20171204/1512355699940717.jpg" title="1512355699940717.jpg"/></p><p><img src="http://localhost//vuethink/php/ueditor/20171204/1512355699100991.jpg" title="1512355699100991.jpg"/></p><p><img src="http://localhost//vuethink/php/ueditor/20171204/1512355699156678.jpg" title="1512355699156678.jpg"/></p><p><img src="http://localhost//vuethink/php/ueditor/20171204/1512355699307462.jpg" title="1512355699307462.jpg"/></p><p><br/></p>', 9, '2017-11-30 16:29', '3'),
(23, 4, 'http://localhost/vuethink/php/uploads/20171130/afbb748de0b46aa873c2594b8d163fac.JPG', '京西林场', '全新、绿色、林场、生态圈', '', '<p><img src="http://localhost//vuethink/php/ueditor/20171204/1512355730122167.jpg" title="1512355730122167.jpg"/></p><p><img src="http://localhost//vuethink/php/ueditor/20171204/1512355730423690.jpg" title="1512355730423690.jpg"/></p><p><img src="http://localhost//vuethink/php/ueditor/20171204/1512355730541856.jpg" title="1512355730541856.jpg"/></p><p><img src="http://localhost//vuethink/php/ueditor/20171204/1512355730163520.jpg" title="1512355730163520.jpg"/></p><p><img src="http://localhost//vuethink/php/ueditor/20171204/1512355730289474.jpg" title="1512355730289474.jpg"/></p><p><img src="http://localhost//vuethink/php/ueditor/20171204/1512355730142435.jpg" title="1512355730142435.jpg"/></p><p><img src="http://localhost//vuethink/php/ueditor/20171204/1512355730118526.jpg" title="1512355730118526.jpg"/></p><p><br/></p>', 10, '2017-11-30 16:30', '3'),
(24, 3, 'http://localhost/vuethink/php/uploads/20171201/2c2aacf0b699e4460c8cf558400e5a8a.JPG', '爵士嘉尔尼', '爵士嘉尔尼——JAZJENI', '', '<p><img src="http://localhost//vuethink/php/ueditor/20171204/1512355758720395.jpg" title="1512355758720395.jpg"/></p><p><img src="http://localhost//vuethink/php/ueditor/20171204/1512355758702364.jpg" title="1512355758702364.jpg"/></p><p><img src="http://localhost//vuethink/php/ueditor/20171204/1512355758982157.jpg" title="1512355758982157.jpg"/></p><p><img src="http://localhost//vuethink/php/ueditor/20171204/1512355758441807.jpg" title="1512355758441807.jpg"/></p><p><br/></p>', 11, '2017-12-01 11:38', '3'),
(25, 8, 'http://localhost/vuethink/php/uploads/20171201/861f15a218804c4b455d46a4c2740bb2.JPG', '卡贝伯爵', '卡贝伯爵——传承家居文化 品味伯爵生活', '', '<p><img src="http://localhost//vuethink/php/ueditor/20171204/1512355779129783.jpg" title="1512355779129783.jpg"/></p><p><img src="http://localhost//vuethink/php/ueditor/20171204/1512355779923505.jpg" title="1512355779923505.jpg"/></p><p><img src="http://localhost//vuethink/php/ueditor/20171204/1512355779125502.jpg" title="1512355779125502.jpg"/></p><p><img src="http://localhost//vuethink/php/ueditor/20171204/1512355779392665.jpg" title="1512355779392665.jpg"/></p><p><img src="http://localhost//vuethink/php/ueditor/20171204/1512355779114124.jpg" title="1512355779114124.jpg"/></p><p><br/></p>', 12, '2017-12-01 11:39', '3');

-- --------------------------------------------------------

--
-- 表的结构 `sinoye_case_type`
--

CREATE TABLE IF NOT EXISTS `sinoye_case_type` (
  `id` int(3) unsigned NOT NULL AUTO_INCREMENT,
  `name` varchar(100) NOT NULL,
  `pid` int(3) NOT NULL COMMENT '父级id',
  `status` int(3) DEFAULT NULL,
  PRIMARY KEY (`id`)
) ENGINE=MyISAM  DEFAULT CHARSET=utf8 COMMENT='案例分类表' AUTO_INCREMENT=23 ;

--
-- 转存表中的数据 `sinoye_case_type`
--

INSERT INTO `sinoye_case_type` (`id`, `name`, `pid`, `status`) VALUES
(1, '全部分类', 0, 1),
(2, '橱柜 衣柜', 1, 1),
(3, '家居配材', 1, 1),
(4, '全屋定制', 1, 1),
(5, '家居用品', 1, NULL),
(6, '门窗', 1, NULL),
(7, '整体家具', 1, NULL),
(8, '卫浴  五金', 0, NULL),
(9, '其他', 1, NULL);

-- --------------------------------------------------------

--
-- 表的结构 `sinoye_contact`
--

CREATE TABLE IF NOT EXISTS `sinoye_contact` (
  `id` int(11) NOT NULL AUTO_INCREMENT,
  `title` varchar(255) DEFAULT NULL,
  `address` varchar(255) DEFAULT NULL,
  `content` text NOT NULL,
  `tel` varchar(50) DEFAULT NULL,
  `hotline` varchar(50) DEFAULT NULL,
  `email` varchar(50) DEFAULT NULL,
  `hremail` varchar(50) DEFAULT NULL,
  `backimage` varchar(255) DEFAULT NULL,
  `create_time` varchar(50) NOT NULL DEFAULT '0',
  `order` int(11) NOT NULL DEFAULT '0',
  `type` varchar(50) DEFAULT '2' COMMENT '1公司总/分部2其他',
  PRIMARY KEY (`id`)
) ENGINE=MyISAM  DEFAULT CHARSET=utf8 COMMENT='分公司表' AUTO_INCREMENT=7 ;

--
-- 转存表中的数据 `sinoye_contact`
--

INSERT INTO `sinoye_contact` (`id`, `title`, `address`, `content`, `tel`, `hotline`, `email`, `hremail`, `backimage`, `create_time`, `order`, `type`) VALUES
(1, '北京总部', '大兴区绿地中央广场2号楼1单元17层', '<p>北京总部</p>', '010-60227022', '13520154238', 'sino@ye2005.com', 'hr@ye2005.com', 'http://192.168.1.138/vuethink/php/uploads/20171211/d7539a258f166ca1615960dc46421925.jpg', '2017-11-27 20:17', 1, '1'),
(2, '上海分公司', '松江区乐都路251号乐都大厦9层', '<p>上海分公司</p>', '021-80105283', '13621243393', 'sino@ye2005.com', 'hr@ye2005.com', 'http://192.168.1.138/vuethink/php/uploads/20171211/277e5cd7697f966cd3e9e6da10b19341.jpg', '2017-11-27 20:17', 2, '1'),
(3, '广州分公司', '广州市广园路科华街251号乐天创意园', '<p>广州分公司</p>', '18613091671', '18613091671', 'sino@ye2005.com', 'hr@ye2005.com', 'http://192.168.1.138/vuethink/php/uploads/20171211/b71929cae3fba2bc55505df68c30f8e8.jpg', '2017-11-27 20:17', 3, '1'),
(4, '轮播图1', '', '<p>这是一个 团队协作的年代</p><p>谁也牛逼不到能解决所有事情</p><p>只有相信队友 依靠团队 才是胜出的唯一法则</p>', '', '', '', '', 'http://192.168.1.138/vuethink/php/uploads/20171211/81b046067184dc0c21811327ae5a521a.png', '2017-11-27 20:17', 4, '2'),
(6, '轮播图3', '', '<p>专注于家居行业品牌策略与设计</p><p>听懂客户需求、整合企业资源、创建实效性品牌体系</p><p>以市场为导向、国际视野、本土化创新</p>', '', '', '', '', 'http://localhost/vuethink/php/uploads/20171211/17f5ab873b9883db43e2487a150468d5.png', '2017-12-11 14:06', 6, '2'),
(5, '轮播图2', '', '<p>协助客户塑造极具市场竞争力及持续性发展的品牌形象</p><p>梦想的达成 需要团队每一成员的努力</p><p>前进的每一步 都归功于时刻奋战在一线的“战士们”</p>', '', '', '', '', 'http://localhost/vuethink/php/uploads/20171211/94557a81788964af2cec36e19fb687c9.png', '2017-12-11 14:03', 5, '2');

-- --------------------------------------------------------

--
-- 表的结构 `sinoye_friend`
--

CREATE TABLE IF NOT EXISTS `sinoye_friend` (
  `id` int(11) NOT NULL AUTO_INCREMENT,
  `title` varchar(255) NOT NULL,
  `url` varchar(255) NOT NULL,
  `order` int(11) NOT NULL,
  `create_time` varchar(255) NOT NULL,
  PRIMARY KEY (`id`)
) ENGINE=MyISAM  DEFAULT CHARSET=utf8 COMMENT='友情链接' AUTO_INCREMENT=3 ;

--
-- 转存表中的数据 `sinoye_friend`
--

INSERT INTO `sinoye_friend` (`id`, `title`, `url`, `order`, `create_time`) VALUES
(1, '百度', 'https://www.baidu.com', 1, '2017-11-30T10:10:24.675Z'),
(2, '新浪', 'http://www.sina.com.cn/', 22, '2017-11-30 18:12');

-- --------------------------------------------------------

--
-- 表的结构 `sinoye_news`
--

CREATE TABLE IF NOT EXISTS `sinoye_news` (
  `id` int(11) NOT NULL AUTO_INCREMENT,
  `title` varchar(255) DEFAULT NULL,
  `content` text,
  `listpic` varchar(255) DEFAULT NULL,
  `create_time` varchar(50) DEFAULT NULL,
  `writer` varchar(50) DEFAULT NULL,
  `order` int(11) NOT NULL DEFAULT '0',
  `status` varchar(50) NOT NULL DEFAULT '0' COMMENT '1推送0不推送',
  PRIMARY KEY (`id`)
) ENGINE=MyISAM  DEFAULT CHARSET=utf8 COMMENT='新闻动态观点表' AUTO_INCREMENT=17 ;

--
-- 转存表中的数据 `sinoye_news`
--

INSERT INTO `sinoye_news` (`id`, `title`, `content`, `listpic`, `create_time`, `writer`, `order`, `status`) VALUES
(2, '品牌体验 - 创造出个性化、互动的品牌营销方式', '<p>什么是品牌？又是什么成就了品牌？或许在现在大家嘴里经常蹦出来的品牌，多数人都不知道其真正的定义，哪怕是自称为专家的人。我们认为的品牌，是与组织、产品、服务等有着利益关系、情感关系和社会关系，是一种综合的体验以及形成的什么是品牌？又是什么成就了品牌？或许在现在大家嘴里经常蹦出来的品牌，多数人都不知道其真正的定义，哪怕是自称为专家的人。我们认为的品牌，是与组织、产品、服务等有着利益关系、情感关系和社会关系，是一种综合的体验以及形成的</p><p><img src="http://localhost//vuethink/php/ueditor/20171211/1512960567860291.png" title="1512960567860291.png"/></p><p><img src="http://localhost//vuethink/php/ueditor/20171211/1512960567910552.png" title="1512960567910552.png"/></p><p><br/></p>', 'http://localhost/vuethink/php/uploads/20171209/758969516405383568959a21ee38e6dc.png', '2017/12/04', '叶晟荣品牌设计顾问', 1, '1'),
(3, '智能家居后续怎么发展', '<p>随着社会经济的发展以及相关技术方面的成熟，加上人们对新的生活的追求，已经有越来越多的财团、企业进军物联网智能家居领域，包括电商京东以及谷歌等行业领袖的加入。面对着竞争的压力越来越大，智能家居后续怎么发展了</p>', 'http://localhost/vuethink/php/uploads/20171209/7a7dd6a1c1e4903479fcd40967eb7068.png', '2017/12/04', '叶晟荣品牌设计顾问', 2, '1'),
(4, '真正的品牌起源于我们对意义的追寻', '<p>真正的品牌起源于我们对意义的追寻，是由我们真正想干什么而产生的。对知识的探索是人之天性的一部分——了解规律在哪里，而不是接受别人的答案。所有的品牌构建都可以看做是一个自我探索答案的过程，而品牌的终极目标则是创</p>', 'http://localhost/vuethink/php/uploads/20171209/d7515430cbfa15d9179346e21f0b6036.png', '2017/11/27', '叶晟荣品牌设计顾问', 3, '0'),
(5, '品牌&情感设计---品牌同样是一种生产力，拥有很强溢价的生产力', '<p>什么是品牌？又是什么成就了品牌？或许在现在大家嘴里经常蹦出来的品牌，多数人都不知道其真正的定义，哪怕是自称为专家的人。我认为的品牌，是与组织、产品、服务等有着利益关系、情感关系和社会关系，是一</p>', 'http://localhost/vuethink/php/uploads/20171209/8ab44bfe1722cf0588a2d8d607d0d0aa.png', '2017/11/27', '叶晟荣品牌设计顾问', 4, '0'),
(9, '中国家居产业品牌创新峰会 构筑品牌发展新动能', '<p style="margin-top:0px;margin-bottom:0px;padding:10px 0px;line-height:30px;font-size:16px;text-indent:2em;color:#333333;font-family:&quot;microsoft yahei&quot;, Verdana, Tahoma, Arial;">2017年中国家居产业迎来了新的市场聚变：市场洗牌，品牌格局分化，新势力涌现……。在移动互联网技术影响着商业模式和营销端发展的大环境下，家居企业如何判断未来的技术趋势?如何以互联网视角及用户思维撬动市场?如何在<a href="http://www.yeshengrong.com/news/www.ye2005.com" target="_blank">家居品牌</a>、产品、营销上加速互联网化的进程?</p><p style="margin-top:0px;margin-bottom:0px;padding:10px 0px;line-height:30px;font-size:16px;text-indent:2em;color:#333333;font-family:&quot;microsoft yahei&quot;, Verdana, Tahoma, Arial;"><img alt="家居产业发展" src="/ueditor/php/upload/image/20171209/1512786767190200.jpg" class="lazy"/></p><p style="margin-top:0px;margin-bottom:0px;padding:10px 0px;line-height:30px;font-size:16px;text-indent:2em;color:#333333;font-family:&quot;microsoft yahei&quot;, Verdana, Tahoma, Arial;">2017年12月1日，产业格局重构下的新思维——2017中国家居产业品牌创新峰会暨腾讯家居年度颁奖盛典在中国上海隆重举行，盛典齐聚数百泛家居行业大咖，更有特劳特伙伴公司全球总裁邓德隆、江小白CMO叶明等嘉宾于现场作跨界分享，共同为<a href="http://www.yeshengrong.com/news/www.ye2005.com" target="_blank">泛家居行业</a>的未来构筑崭新思维。</p><p style="margin-top:0px;margin-bottom:0px;padding:10px 0px;line-height:30px;font-size:16px;text-indent:2em;color:#333333;font-family:&quot;microsoft yahei&quot;, Verdana, Tahoma, Arial;"><strong>溯源品牌基因 构造品牌新动能</strong></p><p style="margin-top:0px;margin-bottom:0px;padding:10px 0px;line-height:30px;font-size:16px;text-indent:2em;color:#333333;font-family:&quot;microsoft yahei&quot;, Verdana, Tahoma, Arial;">在会议开始之际，全国工商联家具装饰业商会执行会长张传喜首先为会议致辞，他表示，2017年是家居行业高速增长的一年，在这一年中，行业不仅实现资本爆发、广度智能覆盖，更是充满着风雨飘摇。未来行业供应链、企业文化的竞争将会更加激烈，但行业发展也会更加充满想象，消费者对中高端产品会更加青睐。作为企业，要以“工匠精神”给行业带来更好的产品、更优的服务;作为媒体，则要把握高度、深度、广度、温度，为家居品牌深耕赋能。</p><p style="margin-top:0px;margin-bottom:0px;padding:10px 0px;line-height:30px;font-size:16px;text-indent:2em;color:#333333;font-family:&quot;microsoft yahei&quot;, Verdana, Tahoma, Arial;"><img alt="TATA木门" src="/ueditor/php/upload/image/20171209/1512786768742857.jpg" class="lazy"/></p><p style="margin-top:0px;margin-bottom:0px;padding:10px 0px;line-height:30px;font-size:16px;text-indent:2em;color:#333333;font-family:&quot;microsoft yahei&quot;, Verdana, Tahoma, Arial;text-align:center;">全国工商联家具装饰业商会执行会长张传喜</p><p style="margin-top:0px;margin-bottom:0px;padding:10px 0px;line-height:30px;font-size:16px;text-indent:2em;color:#333333;font-family:&quot;microsoft yahei&quot;, Verdana, Tahoma, Arial;">面对2018年全新的<a href="http://www.yeshengrong.com/news/www.ye2005.com" target="_blank">品牌战略</a>布局，特劳特伙伴公司全球总裁、特劳特中国公司董事长邓德隆发表《定位：产业格局重构下的新思维》主题演讲，为企业格局带来全新的干货分享。他认为，作为企业家，如果把握着时代的脉搏，就可以决胜这个时代。</p><p style="margin-top:0px;margin-bottom:0px;padding:10px 0px;line-height:30px;font-size:16px;text-indent:2em;color:#333333;font-family:&quot;microsoft yahei&quot;, Verdana, Tahoma, Arial;">中国企业的竞争重心已从工厂竞价、渠道资源，到如今的用户心智上。在这个时代，畅通的渠道给予了消费者空前的权力，能够夺取客户的人，就是手握权力的人。他还表示，世界没有一成不变的东西，无需纠结于跨界，行业变化已是常态。在这个用户掌握了绝对权力的时代，品牌如果不是在某一领域做到第一，就会被淘汰。当新事物出现的时候，就是品牌新的机会。</p><p style="margin-top:0px;margin-bottom:0px;padding:10px 0px;line-height:30px;font-size:16px;text-indent:2em;color:#333333;font-family:&quot;microsoft yahei&quot;, Verdana, Tahoma, Arial;">多元化发展的时代，品牌的多向发展为行业激发无限活力，这也造就了百家争鸣的品牌意识。为整合多重的品牌思维，《产业格局重构与品牌新思维》论坛在峰会上开展，并由腾讯家居全国总编张永志进行主持。</p><p style="margin-top:0px;margin-bottom:0px;padding:10px 0px;line-height:30px;font-size:16px;text-indent:2em;color:#333333;font-family:&quot;microsoft yahei&quot;, Verdana, Tahoma, Arial;">参与论坛的嘉宾有：华耐家居董事长 贾锋、TATA<a href="http://www.chinamenwang.com/" target="_blank" style="color:#db214c;cursor:pointer;padding:0px;"><strong class="keylink">木门</strong></a>创始人 吴晨曦、业之峰装饰董事长 张钧、亚细亚集团常务副总裁 汪学铁、奥普执行总裁 吴兴杰、久盛地板董事长 张凯、玛格董事长 唐斌、三度空间董事长 李昕。</p><p style="margin-top:0px;margin-bottom:0px;padding:10px 0px;line-height:30px;font-size:16px;text-indent:2em;color:#333333;font-family:&quot;microsoft yahei&quot;, Verdana, Tahoma, Arial;">嘉宾们各抒己见，且认为企业在行业中想要永葆活力，则需对品牌、团队进行清晰定位，并拥有积极向上的、向行业领域第一进军的思维与决心。企业需做到以消费者为导向核心，给予消费者决策的能力，让消费者作为助力，推动企业、乃至行业向前发展。</p><p style="margin-top:0px;margin-bottom:0px;padding:10px 0px;line-height:30px;font-size:16px;text-indent:2em;color:#333333;font-family:&quot;microsoft yahei&quot;, Verdana, Tahoma, Arial;"><strong>透彻生活方式 革新品牌新生命</strong></p><p style="margin-top:0px;margin-bottom:0px;padding:10px 0px;line-height:30px;font-size:16px;text-indent:2em;color:#333333;font-family:&quot;microsoft yahei&quot;, Verdana, Tahoma, Arial;">为进一步了解现代人的生活方式，更好地为<a href="http://www.yeshengrong.com/news/www.ye2005.com" target="_blank">家居品牌</a>赋能，暨南大学生活方式研究院首席研究员、教授叶茂林发布首份《2017影响中国家居生活方式趋势报告》。他说道，报告研发的目的在于描述中国家居生活方式现状，及当今有影响的家居生活方式产品。通过分析影响中国家居生活方式的因素，揭示相关因素与家居生活方式间的关系，并研究未来中国家居生活方式的发展趋势做出初步预测。他希望，报告能对中国老百姓家居生活品质的提升有所禆益，为企业提供有益的建议。</p><p style="margin-top:0px;margin-bottom:0px;padding:10px 0px;line-height:30px;font-size:16px;text-indent:2em;color:#333333;font-family:&quot;microsoft yahei&quot;, Verdana, Tahoma, Arial;">而后，在现场近500位家居人的见证下，腾讯家居联袂暨南大学生活方式研究院、中国建筑装饰协会住宅部品产业分会共同成立“当代人居生活方式研究院”，并由暨南大学生活方式研究院联席院长、教授、博导费勇讲解其含义。</p><p style="margin-top:0px;margin-bottom:0px;padding:10px 0px;line-height:30px;font-size:16px;text-indent:2em;color:#333333;font-family:&quot;microsoft yahei&quot;, Verdana, Tahoma, Arial;">费勇浅析道，当代人居生活方式研究院是利用全渠道媒体资源+权威专家学者+行业数据，打造最影响力、最权威的中国人居生活方式研究平台。通过对国人生活方式的研究，为消费者提供权威的人居指引，同时推动人居领域相关的<a href="http://www.yeshengrong.com/news/www.ye2005.com" target="_blank">品牌战略</a>升级。他谈到，接下来生活方式研究院将围绕中国人居住体验，进行生活方式的研究。</p><p style="margin-top:0px;margin-bottom:0px;padding:10px 0px;line-height:30px;font-size:16px;text-indent:2em;color:#333333;font-family:&quot;microsoft yahei&quot;, Verdana, Tahoma, Arial;">当代的消费主力已是80-90年代的年轻群体，<a href="http://www.yeshengrong.com/news/www.ye2005.com" target="_blank">家居品牌</a>又该如何迎合这群充满个性的群体?江小白CMO叶明发表《江小白另一面：品牌该如何与当下的年轻人做朋友》主题演讲，为现场作跨界解惑。他对于“品牌该如何与当下的年轻人做朋友”，以“大、小、高、新”的逻辑来解答。其解释为：大--消费市场容量巨大;小--小定位、小缺口、小场景;高--高品质、高效率;新--新生代、新趋势、新形象、新通路。品牌需时刻保持对时代变化的思考，才能不断地涌出活力的源泉。</p><p style="margin-top:0px;margin-bottom:0px;padding:10px 0px;line-height:30px;font-size:16px;text-indent:2em;color:#333333;font-family:&quot;microsoft yahei&quot;, Verdana, Tahoma, Arial;">当代人的生活方式与品牌的未来布局息息相关，《当代生活方式与未来人居》论坛则由一众嘉宾共同探讨这一联系所产生的化学反应，本论坛由腾讯家居华南主编周雅玢主持。</p><p style="margin-top:0px;margin-bottom:0px;padding:10px 0px;line-height:30px;font-size:16px;text-indent:2em;color:#333333;font-family:&quot;microsoft yahei&quot;, Verdana, Tahoma, Arial;">参与论坛的嘉宾有：梦天木门集团副总裁 余静滨、联邦家居董事副总裁 李虹瑶、尚品宅配总经理 李嘉聪、PINGO国际总裁 杨耀祖、爱康企业集团董事长 郑立克、金意陶总经理 胡杰、东鹏品牌中心总经理 何颖、东方船董事长 王郁斌。</p><p style="margin-top:0px;margin-bottom:0px;padding:10px 0px;line-height:30px;font-size:16px;text-indent:2em;color:#333333;font-family:&quot;microsoft yahei&quot;, Verdana, Tahoma, Arial;">论坛上，嘉宾们总结出现代消费者更趋向于独立化、个性化，不仅喜爱简单纯粹的生活方式，更是热爱绿色环保消费。未来企业需把握大数据，对消费者的需求实现精准引导，消除企业与消费者之间的隔阂，使B2C更为粘合，为消费者带来他们所喜爱的生活方式。</p><p style="margin-top:0px;margin-bottom:0px;padding:10px 0px;line-height:30px;font-size:16px;text-indent:2em;color:#333333;font-family:&quot;microsoft yahei&quot;, Verdana, Tahoma, Arial;"><strong>盘点年度家居 畅想品牌新荣耀</strong></p><p style="margin-top:0px;margin-bottom:0px;padding:10px 0px;line-height:30px;font-size:16px;text-indent:2em;color:#333333;font-family:&quot;microsoft yahei&quot;, Verdana, Tahoma, Arial;">2017岁末之际，腾讯家居全国总编张永志带来《2017中国家居年度盘点》主题分享。他说道，2017年中国家居可总结为消费升级、<a href="http://www.yeshengrong.com/news/www.ye2005.com" target="_blank">品牌升级</a>、渠道重构、环保风暴、上市潮、新零售、定制热、整装热、大家居、智能家居等十大关键词。细分品类品牌集中度迅速提高、渠道捆绑工厂、互联网电商渠道遇到瓶颈、经销商高投入低产出、全屋定制狂飙突进、企业加速品类扩张等成为了家居行业现状与趋势。行业想要获得发展，则需要遵循品牌向上、营销向下、渠道深耕、文化领先的家居企业发展四句真言。</p><p style="margin-top:0px;margin-bottom:0px;padding:10px 0px;line-height:30px;font-size:16px;text-indent:2em;color:#333333;font-family:&quot;microsoft yahei&quot;, Verdana, Tahoma, Arial;">随后，2017中国家居品牌颁奖盛典正式开始。至此，“产业格局重构下的新思维——2017中国家居产业品牌创新峰会暨腾讯家居年度颁奖盛典”圆满地落下帷幕。2018年的中国家居业将会有着怎样的发展与变革?让我们一起相约2018，让未来告诉我们答案。</p><p><br/></p>', 'http://localhost/vuethink/php/uploads/20171209/399edcd9ab0a9f485a4ab9c402b3d010.jpg', '2017/12/09', '叶晟荣品牌设计顾问', 6, '0'),
(6, 'SexBrand 创建性感品牌---品牌策略,性感品牌形象', '<p>通过沟通研究分析，挖掘企业或产品未知情感因素，制订品牌策略及构建极具情感影响力的性感品牌形象，一个真正有影响力的品牌不仅是价值主张和销售产品，更是基于价值与产品或服务与消费者之间的情感交流。我们主张这一</p>', 'http://localhost/vuethink/php/uploads/20171209/80cd2b1a2c018ee279fadc7f5e75d903.png', '2017/11/27', '叶晟荣品牌设计顾问1', 5, '0'),
(10, '中国品牌国际化战略提速 慕思牵手迪拜塔品牌设计第一人', '<p>文章简介：12月16日，目前在全球已经拥有1600多家专卖店的高端寝具品牌慕思，成功牵手全球知名品牌设计大师、著名迪拜塔品牌设计者John Brash，双方正式召开慕思品牌国际化战略项目媒体恳谈会。</p><p style="margin-top:0px;margin-bottom:30px;padding:0px;box-sizing:content-box;border:0px;font-size:16px;line-height:30px;text-align:justify;color:#333333;font-family:&quot;microsoft yahei&quot;;">12月16日，目前在全球已经拥有1600多家专卖店的高端寝具<span style="color:#406599;"><span style="outline-color:initial;outline-style:initial;border-style:initial;border-color:initial;border-image:initial;">品牌慕思</span></span>，成功牵手全球知名<a href="http://www.yeshengrong.com/news/www.ye2005.com" target="_blank">家居<span style="color:#406599;"><span style="outline-color:initial;outline-style:initial;border-style:initial;border-color:initial;border-image:initial;">品牌</span></span></a>设计大师、著名迪拜塔品牌设计者John&nbsp;Brash，双方正式召开<span style="color:#406599;"><span style="outline-color:initial;outline-style:initial;border-style:initial;border-color:initial;border-image:initial;">慕思</span></span>品牌国际化战略项目媒体恳谈会。该恳谈会在东莞嘉华大酒店举行，慕思总裁姚吉庆与John&nbsp;Brash等共同出席了媒体恳谈会。</p><p style="margin-top:30px;margin-bottom:30px;padding:0px;box-sizing:content-box;border:0px;font-size:16px;line-height:30px;text-align:center;color:#333333;font-family:&quot;microsoft yahei&quot;;"><img src="/ueditor/php/upload/image/20171209/1512786911110501.jpg" title="" alt="中国品牌国际化战略提速 慕思牵手迪拜塔品牌设计第一人" width="500" height="333"/><br/><span class="img_wrapper_img_descr">中国品牌国际化战略提速&nbsp;慕思牵手迪拜塔品牌设计第一人</span></p><p style="margin-top:30px;margin-bottom:30px;padding:0px;box-sizing:content-box;border:0px;font-size:16px;line-height:30px;text-align:justify;color:#333333;font-family:&quot;microsoft yahei&quot;;"><strong>  迪拜塔品牌设计者牵手慕思</strong></p><p style="margin-top:30px;margin-bottom:30px;padding:0px;box-sizing:content-box;border:0px;font-size:16px;line-height:30px;text-align:justify;color:#333333;font-family:&quot;microsoft yahei&quot;;">  在16日下午的媒体恳谈会上，慕思总裁姚吉庆表示，作为全球健康睡眠资源整合者与睡眠文化的持续引领者，慕思不仅赢得了国内消费者的大力支持，在国外市场开拓上也得到更多认可，本次慕思牵手Brash&nbsp;Brands公司，是慕思品牌国际化的重要一步。</p><p style="margin-top:30px;margin-bottom:30px;padding:0px;box-sizing:content-box;border:0px;font-size:16px;line-height:30px;text-align:justify;color:#333333;font-family:&quot;microsoft yahei&quot;;">  John&nbsp;Brash在发言中表示，早在与慕思接触前，在迪拜已经听朋友提起过慕思，并让他印象深刻，此次通过与慕思的接洽和合作，让他看到了慕思在睡眠产业上的前瞻性和巨大影响力，也让他从慕思身上看到了中国高端品牌强大的国际竞争力。事实上，随着双方了解的进一步加深，早在2013年11月28日，慕思总裁姚吉庆已远赴迪拜与他创办的Brash&nbsp;Brands公司签署了品牌国际化的战略合作协议。</p><p style="margin-top:30px;margin-bottom:30px;padding:0px;box-sizing:content-box;border:0px;font-size:16px;line-height:30px;text-align:justify;color:#333333;font-family:&quot;microsoft yahei&quot;;">  提及双方的合作契机，姚吉庆表示，2014年是慕思十周年，第一个十年慕思打造了中国高端寝具第一品牌，下一个十年慕思将谋求品牌国际化的发展。因此，慕思需要把国际化的标识、国际化的语言和国际化的人文情怀等更具国际化的品牌元素融入其中，而John&nbsp;Brash先生正好是这方面的最佳人选。作为全球最大的品牌顾问及设计公司——美国朗涛设计顾问公司在英国的合伙人，John&nbsp;Brash从事品牌设计20多年间，其成果已深受世人欢迎：John&nbsp;Brash曾服务过世界上最大的房地产公司之一的迪拜Emaar公司、阿联酋国际航空公司、阿联酋联合铁路公司以及迪拜多家商品交易中心。他的作品涵盖了几乎迪拜所有的高端奢侈品酒店，如迪拜商业中心、Armani酒店以及the&nbsp;Address酒店，他被业内人士赞誉为阿联酋最知名的智囊品牌顾问。2006年他在迪拜创办自己Brash&nbsp;Brands，并精心挑选了一个可以与他共同分享具有个性化色彩和创意的顾问公司的团队。</p><p style="margin-top:30px;margin-bottom:30px;padding:0px;box-sizing:content-box;border:0px;font-size:16px;line-height:30px;text-align:justify;color:#333333;font-family:&quot;microsoft yahei&quot;;">  “这是慕思又一次的资源整合。”姚吉庆指出，“慕思定位为全球健康睡眠资源整合者，已经与全球几十家公司开展了合作。本次与Brash&nbsp;Brands合作，是希望能够让慕思品牌战略更具国际化。”</p><p style="margin-top:30px;margin-bottom:30px;padding:0px;box-sizing:content-box;border:0px;font-size:16px;line-height:30px;text-align:justify;color:#333333;font-family:&quot;microsoft yahei&quot;;"><strong>  中国高端品牌加速国际化进程</strong></p><p style="margin-top:30px;margin-bottom:30px;padding:0px;box-sizing:content-box;border:0px;font-size:16px;line-height:30px;text-align:justify;color:#333333;font-family:&quot;microsoft yahei&quot;;">  据了解，慕思是全球健康睡眠系统的首创者，是中国发展速度最快的品牌。通过整合全球健康睡眠资源以及一系列务实创新举措，慕思品牌已成为具有全球影响力的高端寝具品牌。</p><p style="margin-top:30px;margin-bottom:30px;padding:0px;box-sizing:content-box;border:0px;font-size:16px;line-height:30px;text-align:justify;color:#333333;font-family:&quot;microsoft yahei&quot;;">  在产品研发上，慕思先后与意大利、比利时、德国、瑞士等国家和地区的国际优秀寝具供应商建立了战略合作关系，其产品处于全球领先水平。&nbsp;&nbsp;</p><p style="margin-top:30px;margin-bottom:30px;padding:0px;box-sizing:content-box;border:0px;font-size:16px;line-height:30px;text-align:justify;color:#333333;font-family:&quot;microsoft yahei&quot;;">  在市场层面上，一方面，慕思在国内消费者的口碑好评如潮；另一方面，在海外，慕思已在几年前成功打进澳洲市场，开设大规模健康睡眠专卖店并取得不俗的成绩；</p><p style="margin-top:30px;margin-bottom:30px;padding:0px;box-sizing:content-box;border:0px;font-size:16px;line-height:30px;text-align:justify;color:#333333;font-family:&quot;microsoft yahei&quot;;">  在健康睡眠文化的推广上，慕思更是当之无愧的先行者与实践者，无论是世界睡眠日的大力倡导、每年全球睡眠文化之旅的行走，还是层出不穷的娱乐文化与睡眠话题的行销创新，在中国其影响力已远远领先于同行及国际寝具大牌。</p><p style="margin-top:30px;margin-bottom:30px;padding:0px;box-sizing:content-box;border:0px;font-size:16px;line-height:30px;text-align:justify;color:#333333;font-family:&quot;microsoft yahei&quot;;">  有分析人士指出，很多国际化的大品牌诸如苹果、英菲尼迪等都用领先的设计思维取得了的成功，而这一点，在慕思的企业基因中也可以看到端倪。慕思早在成立之初就，就超越了寝具的限制，在睡眠设计上另辟蹊径，聘请法国知名设计师Moris作为首席设计师，将源于欧洲的设计理念、人体工程学和睡眠环境学融入到寝具的设计中，此后，慕思与欧洲设计师的合作，一直在延续。专家猜测，此次慕思与全球知名品牌设计师的再次合作，无疑更加坚定了慕思致力于成为“全球最受尊重的健康睡眠品牌引领者”的愿景。</p><p style="margin-top:30px;margin-bottom:30px;padding:0px;box-sizing:content-box;border:0px;font-size:16px;line-height:30px;text-align:justify;color:#333333;font-family:&quot;microsoft yahei&quot;;">  在媒体恳谈会上，John&nbsp;Brash&nbsp;表示希望通过领先全球的创意理念，帮助慕思进行品牌战略规划和管理。签约仪式过后，慕思总裁姚吉庆邀请John&nbsp;Brash参观了慕思睡眠私人会所，John&nbsp;Brash对慕思的体验式营销赞不绝口，给予了极高的评价。</p><p><br/></p>', 'http://localhost/vuethink/php/uploads/20171209/0344644aaffc2a1f29f965ed8cc297f8.jpg', '2017/12/09', '叶晟荣品牌设计顾问', 7, '0'),
(11, '首批28家意大利品牌入驻凯撒至尊 消费升级推动家居国际化', '<p>文章简介：\n红星美凯龙控股集团副董事长车建芳\n\n\n\n红星美凯龙家居集团副总裁、凯撒至尊总经理刘中露\n\n　　新华网(25.240, -2.18, \n-7.95%)6月29日电（郭香玉）红星美凯龙家居集团旗下全资子公司、自营进口家居品牌红星美凯龙凯撒至尊（以下简称“凯撒至尊”）第一家直营店28日在京开业，首批28家意大利品牌入驻。\n 红星美凯龙形象代言人AngelaBaby、欧洲品牌方代表、专业设计师等出席。\n\n　　“凯撒至尊是红星美凯龙在原有进口品牌B2B服务平台的基础上，进一步打造全国最高端的自营进口家居平台，它的开业标志红星美凯龙的国际战略再次升级。”\n 红星美凯龙控股集团副董事长车建芳说。\n\n　　红星美凯龙家居集团副总裁、凯撒至尊总经理刘中露则表示，“‘凯撒至尊’这个名字是由集团董事长车建新命名，意为凯撒至尊要做全中国进口家居第一品牌，将意大利百年私人订制品牌带入中国，为中国精英阶层打造‘一生以求的家’。”\n\n　　100%欧洲进口家居，点亮欧式生活\n\n　　凯撒至尊营业面积达3000平方米，目前总共代理了75个欧洲一线家居品牌，主营意大利100%纯进口奢侈家居，签约品牌包括Aston \nMatin、Lamborghini、Zanaboni、Riva、Baldi等。全国独家代理有二十几家，同时获得68件全球限量产品在中国首发。其中，3件产品特为凯撒至尊打造。\n\n　　 \n“由于资金运作能力，渠道建设等各方面原因，很多在国外很受消费者喜爱的家居品牌，难以进入中国市场。希望以凯撒至尊为起点，与广大进口家居代理商在红星美凯龙经营的其他进口品牌，形成有益补充，让各地高端消费者多一些选择。”车建芳说。\n\n　　对此，欧洲品牌方代表纷纷表示，很高兴能够跟凯撒至尊达成合作，借助凯撒至尊及其背后红星美凯龙的强大平台优势，为中国消费者带来更丰富的高品质家居消费选择。</p><p style="margin-top:15px;margin-bottom:15px;padding:0px;font-size:16px;line-height:2em;font-family:&quot;Microsoft YaHei&quot;, u5FAEu8F6Fu96C5u9ED1, Arial, SimSun, u5B8Bu4F53;"><img src="/ueditor/php/upload/image/20171209/1512787005416633.jpg"/></p><p style="margin-top:15px;margin-bottom:15px;padding:0px;font-size:16px;line-height:2em;font-family:&quot;Microsoft YaHei&quot;, u5FAEu8F6Fu96C5u9ED1, Arial, SimSun, u5B8Bu4F53;">红星美凯龙控股集团副董事长车建芳</p><p style="margin-top:15px;margin-bottom:15px;padding:0px;font-size:16px;line-height:2em;font-family:&quot;Microsoft YaHei&quot;, u5FAEu8F6Fu96C5u9ED1, Arial, SimSun, u5B8Bu4F53;"><img src="/ueditor/php/upload/image/20171209/1512787005702752.jpg"/></p><p style="margin-top:15px;margin-bottom:15px;padding:0px;font-size:16px;line-height:2em;font-family:&quot;Microsoft YaHei&quot;, u5FAEu8F6Fu96C5u9ED1, Arial, SimSun, u5B8Bu4F53;">红星美凯龙家居集团副总裁、凯撒至尊总经理刘中露</p><p style="margin-top:15px;margin-bottom:15px;padding:0px;font-size:16px;line-height:2em;font-family:&quot;Microsoft YaHei&quot;, u5FAEu8F6Fu96C5u9ED1, Arial, SimSun, u5B8Bu4F53;">　　<a href="http://finance.sina.com.cn/realstock/company/sh603888/nc.shtml" class="keyword" target="_blank" style="color:#113eaa;text-decoration-line:none;">新华网</a>(<span style="color:green;">25.240</span>,&nbsp;<span style="color:green;">-2.18</span>,&nbsp;<span style="color:green;">-7.95%</span>)6月29日电（郭香玉）红星美凯龙家居集团旗下全资子公司、自营进口<a href="http://www.yeshengrong.com/news/www.ye2005.com" target="_blank">家居品牌</a>红星美凯龙凯撒至尊（以下简称“凯撒至尊”）第一家直营店28日在京开业，首批28家意大利品牌入驻。&nbsp;红星美凯龙形象代言人AngelaBaby、欧洲<a href="http://www.yeshengrong.com/news/www.ye2005.com" target="_blank">家居品牌</a>方代表、专业设计师等出席。</p><p style="margin-top:15px;margin-bottom:15px;padding:0px;font-size:16px;line-height:2em;font-family:&quot;Microsoft YaHei&quot;, u5FAEu8F6Fu96C5u9ED1, Arial, SimSun, u5B8Bu4F53;">　　“凯撒至尊是红星美凯龙在原有进口<a href="http://www.yeshengrong.com/news/www.ye2005.com" target="_blank">家居品牌</a>B2B服务平台的基础上，进一步打造全国最高端的自营进口家居平台，它的开业标志红星美凯龙的国际<a href="http://www.yeshengrong.com/news/www.ye2005.com" target="_blank">品牌战略</a>再次升级。”&nbsp;红星美凯龙控股集团副董事长车建芳说。</p><p style="margin-top:15px;margin-bottom:15px;padding:0px;font-size:16px;line-height:2em;font-family:&quot;Microsoft YaHei&quot;, u5FAEu8F6Fu96C5u9ED1, Arial, SimSun, u5B8Bu4F53;">　　红星美凯龙家居集团副总裁、凯撒至尊总经理刘中露则表示，“‘凯撒至尊’这个名字是由集团董事长车建新命名，意为凯撒至尊要做全中国进口<a href="http://www.yeshengrong.com/news/www.ye2005.com" target="_blank">家居第一品牌</a>，将意大利百年私人订制品牌带入中国，为中国精英阶层打造‘一生以求的家’。”</p><p style="margin-top:15px;margin-bottom:15px;padding:0px;font-size:16px;line-height:2em;font-family:&quot;Microsoft YaHei&quot;, u5FAEu8F6Fu96C5u9ED1, Arial, SimSun, u5B8Bu4F53;">　　100%欧洲进口家居，点亮欧式生活</p><p style="margin-top:15px;margin-bottom:15px;padding:0px;font-size:16px;line-height:2em;font-family:&quot;Microsoft YaHei&quot;, u5FAEu8F6Fu96C5u9ED1, Arial, SimSun, u5B8Bu4F53;">　　凯撒至尊营业面积达3000平方米，目前总共代理了75个欧洲一线<a href="http://www.yeshengrong.com/news/www.ye2005.com" target="_blank">家居品牌</a>，主营意大利100%纯进口奢侈家居，签约品牌包括Aston&nbsp;Matin、Lamborghini、Zanaboni、Riva、Baldi等。全国独家代理有二十几家，同时获得68件全球限量产品在中国首发。其中，3件产品特为凯撒至尊打造。</p><p style="margin-top:15px;margin-bottom:15px;padding:0px;font-size:16px;line-height:2em;font-family:&quot;Microsoft YaHei&quot;, u5FAEu8F6Fu96C5u9ED1, Arial, SimSun, u5B8Bu4F53;">　　&nbsp;“由于资金运作能力，渠道建设等各方面原因，很多在国外很受消费者喜爱的<a href="http://www.yeshengrong.com/news/www.ye2005.com" target="_blank">家居品牌</a>，难以进入中国市场。希望以凯撒至尊为起点，与广大进口家居代理商在红星美凯龙经营的其他进口品牌，形成有益补充，让各地高端消费者多一些选择。”车建芳说。</p><p style="margin-top:15px;margin-bottom:15px;padding:0px;font-size:16px;line-height:2em;font-family:&quot;Microsoft YaHei&quot;, u5FAEu8F6Fu96C5u9ED1, Arial, SimSun, u5B8Bu4F53;">　　对此，欧洲品牌方代表纷纷表示，很高兴能够跟凯撒至尊达成合作，借助凯撒至尊及其背后红星美凯龙的强大平台优势，为中国消费者带来更丰富的高品质家居消费选择。</p><p style="margin-top:15px;margin-bottom:15px;padding:0px;font-size:16px;line-height:2em;font-family:&quot;Microsoft YaHei&quot;, u5FAEu8F6Fu96C5u9ED1, Arial, SimSun, u5B8Bu4F53;">在大力引进意大利家居品牌的同时，凯撒至尊还为消费者提供一系列专属服务，比如推出“客户价值终身管理CVM体系”“24小时白金管家服务体系”“私人订制套餐”等，营造极致的家居购物体验。Angelababy将成为第一个获得凯撒至尊私人订制的尊享客户。</p><p style="margin-top:15px;margin-bottom:15px;padding:0px;font-size:16px;line-height:2em;font-family:&quot;Microsoft YaHei&quot;, u5FAEu8F6Fu96C5u9ED1, Arial, SimSun, u5B8Bu4F53;">　　消费升级，家居业国际化加速</p><p style="margin-top:15px;margin-bottom:15px;padding:0px;font-size:16px;line-height:2em;font-family:&quot;Microsoft YaHei&quot;, u5FAEu8F6Fu96C5u9ED1, Arial, SimSun, u5B8Bu4F53;">　　与传统的家居卖场不同，凯撒至尊试图再现欧洲“名店模式”。同时，聘请来自意大利的专业设计大师，融入意大利文化元素，设计外立面形象。“我们主要服务精英阶层，从商场硬件到售后服务，凯撒至尊不只销售家居，还销售生活方式。”刘中露说。</p><p style="margin-top:15px;margin-bottom:15px;padding:0px;font-size:16px;line-height:2em;font-family:&quot;Microsoft YaHei&quot;, u5FAEu8F6Fu96C5u9ED1, Arial, SimSun, u5B8Bu4F53;">　　刘中露表示，凯撒至尊是迎合中国消费升级。将最前沿的家居消费理念和优质的家居产品引入国内，满足消费者日益高端化、品质化的消费需求，跟红星美凯龙‘全球<a href="http://www.yeshengrong.com/news/www.ye2005.com" target="_blank">家居品牌</a>典范’的定位以及‘提升国人居家品味’的核心理念也是高度一致的。</p><p style="margin-top:15px;margin-bottom:15px;padding:0px;font-size:16px;line-height:2em;font-family:&quot;Microsoft YaHei&quot;, u5FAEu8F6Fu96C5u9ED1, Arial, SimSun, u5B8Bu4F53;">　　据介绍，凯撒至尊未来3年将在上海、深圳、杭州、武汉等城市打造20家旗舰店，每家店展厅面积均在5000㎡以上。在这些直营店之外，凯撒至尊还将推出特许加盟模式，把进口家居售卖和服务网点覆盖红星美凯龙全国200多家商场。</p><p style="margin-top:15px;margin-bottom:15px;padding:0px;line-height:2em;"><span style="font-family:&#39;Microsoft YaHei, u5FAEu8F6Fu96C5u9ED1, Arial, SimSun, u5B8Bu4F53&#39;;"><span style="font-size:12px;"><br/></span></span></p><p><br/></p>', 'http://localhost/vuethink/php/uploads/20171209/c362c5545694cacd8d12d191a7c453e7.jpg', '2017/12/09', '叶晟荣品牌设计顾问', 8, '0'),
(12, '独特风格圈 有趣的泰国家居品牌', '<p>文章简介：你已经对北欧家居和日本家居很熟悉了吧，这些年，北欧的简约实用和日本的质朴贴心已随着商业扩张的大潮走进了许多人的平凡生活。但其实，每个地区的家居风格都是自成一派，今天介绍几个并不逊色的泰国品牌。（来源：界面网 作者：周卓然）</p><p style="margin-top:0px;margin-bottom:20px;padding:0px;text-size-adjust:100%;line-height:32px;font-size:18px;font-family:&quot;Microsoft Yahei&quot;, Simsun;"><strong>Everyday Studio</strong></p><p style="margin-top:0px;margin-bottom:20px;padding:0px;text-size-adjust:100%;line-height:32px;font-size:18px;font-family:&quot;Microsoft Yahei&quot;, Simsun;">　　Everyday品牌工作室是目前最火的泰国<a href="http://www.yeshengrong.com/news/www.ye2005.com" target="_blank">家居设计</a>工作室之一，曾在2015新加坡国际家具展上崭露头角。它的代表作之一——Cane系列受到儿童的启发，在颜色和线条上都非常活泼，比如可以旋转的咖啡桌，就很像陀螺玩具，它的重心固定不动，但外部桌面可以旋转，以方便人们取物；还有彩色的高脚凳，做成了翘翘椅的样式后，增加了居家的乐趣。</p><p style="margin-top:0px;margin-bottom:20px;padding:0px;text-size-adjust:100%;line-height:32px;font-size:18px;font-family:&quot;Microsoft Yahei&quot;, Simsun;">　　Everyday\n Studio的巧思富有情景感，这是由于两位创始人Siriporn Kobnithikulwong和Wuthichai \nLeelavoravong都为室内设计师出身，他们的目标是要为大众设计出提高日常生活品质的作品，因此，Everyday \nStudio的作品大多定价在220-260美元之间（约合人民币1515-1791元），属于中端定位，其原料都采自泰国当地，尤其偏爱木材。</p><p><img src="/ueditor/php/upload/image/20171209/1512787137896696.jpg" alt=""/></p><p style="margin-top:0px;margin-bottom:20px;padding:0px;text-size-adjust:100%;line-height:32px;font-size:18px;font-family:&quot;Microsoft Yahei&quot;, Simsun;text-align:center;">　　Everyday Studio</p><p><img src="/ueditor/php/upload/image/20171209/1512787137259696.jpg" alt=""/></p><p style="margin-top:0px;margin-bottom:20px;padding:0px;text-size-adjust:100%;line-height:32px;font-size:18px;font-family:&quot;Microsoft Yahei&quot;, Simsun;text-align:center;">　　Everyday Studio</p><p style="margin-top:0px;margin-bottom:20px;padding:0px;text-size-adjust:100%;line-height:32px;font-size:18px;font-family:&quot;Microsoft Yahei&quot;, Simsun;">　　<strong>QUALY</strong></p><p style="margin-top:0px;margin-bottom:20px;padding:0px;text-size-adjust:100%;line-height:32px;font-size:18px;font-family:&quot;Microsoft Yahei&quot;, Simsun;">　　QUALY是泰国本土最知名的<a href="http://www.yeshengrong.com/news/www.ye2005.com" target="_blank">家居品牌</a>之一，产品线遍布家居、厨房和文具，无论是小件还是大件，QUALY的设计都极富幽默感，它把调味罐做成仙人掌的模样，门挡做成金丝雀或枫叶，丰富的创意和小清新的风格令其在欧美、日本等地都大受好评。</p><p style="margin-top:0px;margin-bottom:20px;padding:0px;text-size-adjust:100%;line-height:32px;font-size:18px;font-family:&quot;Microsoft Yahei&quot;, Simsun;">　　QUALY坚持在泰国设计和泰国制造，这样能保证公司对品牌管理有较强的控制力，也能减低劳动成本。但QUALY的一个牙签筒售价为14.90美元（约合人民币102元），台灯99美元（约合人民币682元），也并不算便宜，如果不是对设计感真的比较执着，恐怕还是下不了狠心。</p><p><img src="/ueditor/php/upload/image/20171209/1512787137145146.jpg" alt=""/></p><p style="margin-top:0px;margin-bottom:20px;padding:0px;text-size-adjust:100%;line-height:32px;font-size:18px;font-family:&quot;Microsoft Yahei&quot;, Simsun;text-align:center;">　　QUALY</p><p><img src="/ueditor/php/upload/image/20171209/1512787137310517.jpg" alt=""/></p><p style="margin-top:0px;margin-bottom:20px;padding:0px;text-size-adjust:100%;line-height:32px;font-size:18px;font-family:&quot;Microsoft Yahei&quot;, Simsun;text-align:center;">　　QUALY</p><p><img src="/ueditor/php/upload/image/20171209/1512787137113776.jpg" alt=""/></p><p style="margin-top:0px;margin-bottom:20px;padding:0px;text-size-adjust:100%;line-height:32px;font-size:18px;font-family:&quot;Microsoft Yahei&quot;, Simsun;text-align:center;">　　QUALY</p><p style="margin-top:0px;margin-bottom:20px;padding:0px;text-size-adjust:100%;line-height:32px;font-size:18px;font-family:&quot;Microsoft Yahei&quot;, Simsun;">　　<strong>EASE EMBROIDERY</strong></p><p style="margin-top:0px;margin-bottom:20px;padding:0px;text-size-adjust:100%;line-height:32px;font-size:18px;font-family:&quot;Microsoft Yahei&quot;, Simsun;">　　曼谷的EASE EMBROIDERY是一个跨学科的设计工作室，创立于2014年，据说，它是一个家族刺绣生意的分支，母公司已经有30年的历史了。有赖于这些经验，EASE EMBROIDERY的产品中有许多毯子、靠垫和艺术品。</p><p style="margin-top:0px;margin-bottom:20px;padding:0px;text-size-adjust:100%;line-height:32px;font-size:18px;font-family:&quot;Microsoft Yahei&quot;, Simsun;">　　虽说绣花听起来很老牌，但经过艺术化的处理后，这些传统技艺在现代家居产品中焕发了新生。两位创始设计师都只有28岁，非常关注如今家居界重视材料、光影层次等新设计趋势，并用刺绣的方式表达出来。这种旧艺新用的方式受到泰国、新加坡等多地推崇，EASE\n EMBROIDERY也因此在2015 Design Excellence Award和Good Design Award上获得大奖。</p><p style="margin-top:0px;margin-bottom:20px;padding:0px;text-size-adjust:100%;line-height:32px;font-size:18px;font-family:&quot;Microsoft Yahei&quot;, Simsun;">　　工作室推出的垫子的单价一般为119美元（约合人民币820元），艺术系列的产品起价是235美元（约合人民币1619元）。</p><p><img src="/ueditor/php/upload/image/20171209/1512787138129233.jpg" alt=""/></p><p style="margin-top:0px;margin-bottom:20px;padding:0px;text-size-adjust:100%;line-height:32px;font-size:18px;font-family:&quot;Microsoft Yahei&quot;, Simsun;text-align:center;">　　EASE EMBROIDERY</p><p><img src="/ueditor/php/upload/image/20171209/1512787138116861.jpg" alt=""/></p><p style="margin-top:0px;margin-bottom:20px;padding:0px;text-size-adjust:100%;line-height:32px;font-size:18px;font-family:&quot;Microsoft Yahei&quot;, Simsun;text-align:center;">　　EASE EMBROIDERY</p><p style="margin-top:0px;margin-bottom:20px;padding:0px;text-size-adjust:100%;line-height:32px;font-size:18px;font-family:&quot;Microsoft Yahei&quot;, Simsun;">　　除此以外，泰国还有一些主攻木质品的<a href="http://www.yeshengrong.com/news/www.ye2005.com" target="_blank">家居品牌</a>，如EGGWHITE、TIMMER等，这些品牌都利用了热带地区木头颜色鲜艳的特点，用橡木、Parawood木等生产，为了方便出口，泰国<a href="http://www.yeshengrong.com/news/www.ye2005.com" target="_blank">家具品牌</a>多采用可拆卸的设计。</p><p style="margin-top:0px;margin-bottom:20px;padding:0px;text-size-adjust:100%;line-height:32px;font-size:18px;font-family:&quot;Microsoft Yahei&quot;, Simsun;">　　而你可能不知道，最受到泰国<a href="http://www.yeshengrong.com/news/www.ye2005.com" target="_blank">家居品牌</a>重视的新市场是新加坡。在过去几年中，新加坡大约有10个家居零售商引入了泰国家居品牌，比如以前主要卖丹麦家居的Grafunkt于今年五月开始售卖泰国品牌Cane\n Collection、Qualy、Pana \nObjects等。和泰国时装一样，这些品牌目前虽然小众，但价格亲民、设计入时，很快就获得了消费者的关注。</p><p style="margin-top:0px;margin-bottom:20px;padding:0px;text-size-adjust:100%;line-height:32px;font-size:18px;font-family:&quot;Microsoft Yahei&quot;, Simsun;">　　在评价这些品牌时，新加坡零售商们认为泰国的设计原汁原味，工艺也好，尤其是擅长将东方传统技术和西方的设计理念结合，在现代人的生活中有较强的适应性。并且泰国设计师的理念比较宽泛，这和泰国文化的国际化程度很高有关，这让它们在国际市场上很有竞争力。</p><p style="margin-top:0px;margin-bottom:20px;padding:0px;text-size-adjust:100%;line-height:32px;font-size:18px;font-family:&quot;Microsoft Yahei&quot;, Simsun;">　　家具店Biblioteck Design Store的主理人Alvin Tan就对Straitstimes说：“泰国品牌在设计领域能拥有自己的一方天地，它们能够将现代美学和传统工艺无缝衔接，比如将木工和刺绣结合起来。”</p><p><img src="/ueditor/php/upload/image/20171209/1512787138682139.jpg" alt=""/></p><p style="margin-top:0px;margin-bottom:20px;padding:0px;text-size-adjust:100%;line-height:32px;font-size:18px;font-family:&quot;Microsoft Yahei&quot;, Simsun;text-align:center;">　　EGGWHITE</p><p><img src="/ueditor/php/upload/image/20171209/1512787138562425.jpg" alt=""/></p><p style="margin-top:0px;margin-bottom:20px;padding:0px;text-size-adjust:100%;line-height:32px;font-size:18px;font-family:&quot;Microsoft Yahei&quot;, Simsun;text-align:center;">　　EGGWHITE</p><p><img src="/ueditor/php/upload/image/20171209/1512787138139788.jpg" alt=""/></p><p style="margin-top:0px;margin-bottom:20px;padding:0px;text-size-adjust:100%;line-height:32px;font-size:18px;font-family:&quot;Microsoft Yahei&quot;, Simsun;text-align:center;">　　EGGWHITE</p><p><img src="/ueditor/php/upload/image/20171209/1512787139161541.jpg" alt=""/></p><p style="margin-top:0px;margin-bottom:20px;padding:0px;text-size-adjust:100%;line-height:32px;font-size:18px;font-family:&quot;Microsoft Yahei&quot;, Simsun;text-align:center;">　　TIMMER</p><p><br/></p>', 'http://localhost/vuethink/php/uploads/20171209/8535217b1c969daff570629a9c063951.jpg', '2017/12/09', '叶晟荣品牌设计顾问', 9, '0');
INSERT INTO `sinoye_news` (`id`, `title`, `content`, `listpic`, `create_time`, `writer`, `order`, `status`) VALUES
(13, '举足轻重的字体品牌设计', '<p>文章简介：在品牌设计领域，字体是视觉传达中最重要的元素之一。Logo字体设计有其简单、美观、概括性高等特点，常会被消费者记忆在脑海里，并通过字体直接联想到这个品牌，使之在消费者的心里留下深刻的印象，受到了许多品牌的青睐。www.ye2005.com</p><p style="margin-top:0px;margin-bottom:16px;padding:0px;color:#333333;font-family:Arial, &quot;Microsoft YaHei&quot;;font-size:16px;">在<a href="http://www.yeshengrong.com/news/www.ye2005.com" target="_blank">品牌设计</a>领域，字体是视觉传达中最重要的元素之一。Logo字体设计有其简单、美观、概括性高等特点，常会被消费者记忆在脑海里，并通过字体直接联想到这个品牌，使之在消费者的心里留下深刻的印象，受到了许多品牌的青睐。</p><p class="picbox" style="margin-top:0px;margin-bottom:16px;padding:0px;text-align:center;color:#333333;font-family:Arial, &quot;Microsoft YaHei&quot;;font-size:16px;"><img src="https://r.sinaimg.cn/large/article/4f3ea173b8c55c84a7ef46fd5f55218c" alt=""/></p><p style="margin-top:0px;margin-bottom:16px;padding:0px;color:#333333;font-family:Arial, &quot;Microsoft YaHei&quot;;font-size:16px;">“以道味文化培育人；以道味事业凝聚人；以道味业绩考核人；以道味标准提高人”，道味的<a href="http://www.yeshengrong.com/news/www.ye2005.com" target="_blank">品牌LOGO</a>结合了其品牌理念，运用书法字体进行设计，在视觉上与竞争对手差异化。字体笔划间的相互配合，呈现一股浓浓的豪放派中国风。</p><p class="picbox" style="margin-top:0px;margin-bottom:16px;padding:0px;text-align:center;color:#333333;font-family:Arial, &quot;Microsoft YaHei&quot;;font-size:16px;"><img src="https://r.sinaimg.cn/large/article/cf9413337e67d7432bd036df4f4c2cd9" alt=""/></p><p style="margin-top:0px;margin-bottom:16px;padding:0px;color:#333333;font-family:Arial, &quot;Microsoft YaHei&quot;;font-size:16px;">▲</p><p class="picbox" style="margin-top:0px;margin-bottom:16px;padding:0px;text-align:center;color:#333333;font-family:Arial, &quot;Microsoft YaHei&quot;;font-size:16px;"><img src="https://r.sinaimg.cn/large/article/bd8d9eeb4c8d483fd3a9cbd6be54ad04" alt=""/></p><p style="margin-top:0px;margin-bottom:16px;padding:0px;color:#333333;font-family:Arial, &quot;Microsoft YaHei&quot;;font-size:16px;">▲</p><p class="picbox" style="margin-top:0px;margin-bottom:16px;padding:0px;text-align:center;color:#333333;font-family:Arial, &quot;Microsoft YaHei&quot;;font-size:16px;"><img src="https://r.sinaimg.cn/large/article/5c94d1668156ce23730ff5ed6240b791" alt=""/></p><p style="margin-top:0px;margin-bottom:16px;padding:0px;color:#333333;font-family:Arial, &quot;Microsoft YaHei&quot;;font-size:16px;">▲</p><p style="margin-top:0px;margin-bottom:16px;padding:0px;color:#333333;font-family:Arial, &quot;Microsoft YaHei&quot;;font-size:16px;">字体LOGO有着独特的魅力，道味的品牌商标运用用毛笔字的特性，向消费者传达个性、抽象的中国传统文化艺术。与此同时，也表现出品牌精益求精、以消费者需求价值为核心的丰富内涵，将道味永无止境地追求卓越精神和品牌豪放派中国风的意境传达出来，使文字LOGO具有更高的艺术特征和情感价值。</p><p class="picbox" style="margin-top:0px;margin-bottom:16px;padding:0px;text-align:center;color:#333333;font-family:Arial, &quot;Microsoft YaHei&quot;;font-size:16px;"><img src="https://r.sinaimg.cn/large/article/1b880de1a2af2dad2740463f0db13493" alt=""/></p><p style="margin-top:0px;margin-bottom:16px;padding:0px;color:#333333;font-family:Arial, &quot;Microsoft YaHei&quot;;font-size:16px;">▲</p><p class="picbox" style="margin-top:0px;margin-bottom:16px;padding:0px;text-align:center;color:#333333;font-family:Arial, &quot;Microsoft YaHei&quot;;font-size:16px;"><img src="https://r.sinaimg.cn/large/article/50382c76e1864b15ee6eb27551279f0a" alt=""/></p><p style="margin-top:0px;margin-bottom:16px;padding:0px;color:#333333;font-family:Arial, &quot;Microsoft YaHei&quot;;font-size:16px;">▲</p><p class="picbox" style="margin-top:0px;margin-bottom:16px;padding:0px;text-align:center;color:#333333;font-family:Arial, &quot;Microsoft YaHei&quot;;font-size:16px;"><img src="https://r.sinaimg.cn/large/article/025c7d1e51dc9db7751534da1fb0a237" alt=""/></p><p style="margin-top:0px;margin-bottom:16px;padding:0px;color:#333333;font-family:Arial, &quot;Microsoft YaHei&quot;;font-size:16px;">▲</p><p style="margin-top:0px;margin-bottom:16px;padding:0px;color:#333333;font-family:Arial, &quot;Microsoft YaHei&quot;;font-size:16px;">餐厅内装修与字体LOGO一脉相承，为天津历史风貌的建筑，内装修为新中式风格，这是一处有情怀的地方，身处其中感受到津门浓浓的文化气息。潇洒流畅、泼墨自如、韵味无穷的笔画，不仅给消费者眼前一亮的愉悦视觉感受，还有利于消费者对于品牌的识别记忆，通过字体LOGO传递<a href="http://www.yeshengrong.com/news/www.ye2005.com" target="_blank">品牌文化</a>。</p><p class="picbox" style="margin-top:0px;margin-bottom:16px;padding:0px;text-align:center;color:#333333;font-family:Arial, &quot;Microsoft YaHei&quot;;font-size:16px;"><img src="https://r.sinaimg.cn/large/article/fa1d2b91f49d4c8b2f61bc5c587bd691" alt=""/></p><p style="margin-top:0px;margin-bottom:16px;padding:0px;color:#333333;font-family:Arial, &quot;Microsoft YaHei&quot;;font-size:16px;">▲</p><p class="picbox" style="margin-top:0px;margin-bottom:16px;padding:0px;text-align:center;color:#333333;font-family:Arial, &quot;Microsoft YaHei&quot;;font-size:16px;"><img src="https://r.sinaimg.cn/large/article/f19c50376b0446b61f0f85f857bbf872" alt=""/></p><p style="margin-top:0px;margin-bottom:16px;padding:0px;color:#333333;font-family:Arial, &quot;Microsoft YaHei&quot;;font-size:16px;">▲</p><p class="picbox" style="margin-top:0px;margin-bottom:16px;padding:0px;text-align:center;color:#333333;font-family:Arial, &quot;Microsoft YaHei&quot;;font-size:16px;"><img src="https://r.sinaimg.cn/large/article/14801e9428f0afd9c11db384e9599fca" alt=""/></p><p style="margin-top:0px;margin-bottom:16px;padding:0px;color:#333333;font-family:Arial, &quot;Microsoft YaHei&quot;;font-size:16px;">▲</p><p class="picbox" style="margin-top:0px;margin-bottom:16px;padding:0px;text-align:center;color:#333333;font-family:Arial, &quot;Microsoft YaHei&quot;;font-size:16px;"><img src="https://r.sinaimg.cn/large/article/620952510783fcfc662656bba1ba25c2" alt=""/></p><p style="margin-top:0px;margin-bottom:16px;padding:0px;color:#333333;font-family:Arial, &quot;Microsoft YaHei&quot;;font-size:16px;">近日，腾讯换了新LOGO，除颜色使用更明亮、更醒目的蓝色作为品牌色，更是发布使用了专属品牌字体“腾讯字体”。和旧\n \n字体LOGO相比，新字体LOGO更现代、更协调、更动感。“腾讯印象”4字使用“腾讯网”字体，引入品牌元素,更符合国际潮流、稳健、大气，富有动态。</p><p class="picbox" style="margin-top:0px;margin-bottom:16px;padding:0px;text-align:center;color:#333333;font-family:Arial, &quot;Microsoft YaHei&quot;;font-size:16px;"><img src="https://r.sinaimg.cn/large/article/cdcbc810a667c5ab950cbd5d634da97b" alt=""/></p><p style="margin-top:0px;margin-bottom:16px;padding:0px;color:#333333;font-family:Arial, &quot;Microsoft YaHei&quot;;font-size:16px;">▲</p><p class="picbox" style="margin-top:0px;margin-bottom:16px;padding:0px;text-align:center;color:#333333;font-family:Arial, &quot;Microsoft YaHei&quot;;font-size:16px;"><img src="https://r.sinaimg.cn/large/article/e71f379747b19164f601fab0668b0b77" alt=""/></p><p style="margin-top:0px;margin-bottom:16px;padding:0px;color:#333333;font-family:Arial, &quot;Microsoft YaHei&quot;;font-size:16px;">▲</p><p class="picbox" style="margin-top:0px;margin-bottom:16px;padding:0px;text-align:center;color:#333333;font-family:Arial, &quot;Microsoft YaHei&quot;;font-size:16px;"><img src="https://r.sinaimg.cn/large/article/b1e863c5624a5641bf6369d50cd61d77" alt=""/></p><p style="margin-top:0px;margin-bottom:16px;padding:0px;color:#333333;font-family:Arial, &quot;Microsoft YaHei&quot;;font-size:16px;">▲</p><p style="margin-top:0px;margin-bottom:16px;padding:0px;color:#333333;font-family:Arial, &quot;Microsoft YaHei&quot;;font-size:16px;">腾讯更新的字体LOGO，摆脱了汉字一贯的方正、对称和传统的造字理论。斜体有一种向前的意味，自带动感和速度感，是一种奔跑的姿态，突出腾讯品牌的延伸，它向消费者传达稳健、高速发展的品牌精神。</p><p class="picbox" style="margin-top:0px;margin-bottom:16px;padding:0px;text-align:center;color:#333333;font-family:Arial, &quot;Microsoft YaHei&quot;;font-size:16px;"><img src="https://r.sinaimg.cn/large/article/f48879643265f1bae9f8fc14a4848b64" alt=""/></p><p style="margin-top:0px;margin-bottom:16px;padding:0px;color:#333333;font-family:Arial, &quot;Microsoft YaHei&quot;;font-size:16px;">▲</p><p style="margin-top:0px;margin-bottom:16px;padding:0px;color:#333333;font-family:Arial, &quot;Microsoft YaHei&quot;;font-size:16px;">当然除了斜体设计，腾讯字体LOGO还有另一特色，就是切角。呈现出创新是消费者提升生活品质的源泉，是腾讯公司的使命，正是这些细节使得腾讯表现出坚持自主创新的企业文化。</p><p class="picbox" style="margin-top:0px;margin-bottom:16px;padding:0px;text-align:center;color:#333333;font-family:Arial, &quot;Microsoft YaHei&quot;;font-size:16px;"><img src="https://r.sinaimg.cn/large/article/5b1ec3311b733b197be9fd2a776fd888" alt=""/></p><p style="margin-top:0px;margin-bottom:16px;padding:0px;color:#333333;font-family:Arial, &quot;Microsoft YaHei&quot;;font-size:16px;">▲</p><p style="margin-top:0px;margin-bottom:16px;padding:0px;color:#333333;font-family:Arial, &quot;Microsoft YaHei&quot;;font-size:16px;">在原来的字体上简单地修改，提供一致的品牌识别系统，让腾讯能够在全球范围内统一品牌理念和精神，给<a href="http://www.yeshengrong.com/news/www.ye2005.com" target="_blank">品牌营销</a>带来新的改变，也更有力地强化了腾讯品牌形象。</p><p style="margin-top:0px;margin-bottom:16px;padding:0px;color:#333333;font-family:Arial, &quot;Microsoft YaHei&quot;;font-size:16px;">升级的字体LOGO为腾讯打造了更完美的视觉感受，体现品牌更优先、更精准、更个性、更智能四大优势形象，让消费者更好的接受品牌所传达的理念。</p><p class="picbox" style="margin-top:0px;margin-bottom:16px;padding:0px;text-align:center;color:#333333;font-family:Arial, &quot;Microsoft YaHei&quot;;font-size:16px;"><img src="https://r.sinaimg.cn/large/article/13c646f96999bea29eb4a87ab98bbf4f" alt=""/></p><p style="margin-top:0px;margin-bottom:16px;padding:0px;color:#333333;font-family:Arial, &quot;Microsoft YaHei&quot;;font-size:16px;">▲</p><p class="picbox" style="margin-top:0px;margin-bottom:16px;padding:0px;text-align:center;color:#333333;font-family:Arial, &quot;Microsoft YaHei&quot;;font-size:16px;"><img src="https://r.sinaimg.cn/large/article/dc995ea12a53aaa3df691839171fbe78" alt=""/></p><p style="margin-top:0px;margin-bottom:16px;padding:0px;color:#333333;font-family:Arial, &quot;Microsoft YaHei&quot;;font-size:16px;">▲</p><p class="picbox" style="margin-top:0px;margin-bottom:16px;padding:0px;text-align:center;color:#333333;font-family:Arial, &quot;Microsoft YaHei&quot;;font-size:16px;"><img src="https://r.sinaimg.cn/large/article/b424dc203f3b29d291abd7799ba38276" alt=""/></p><p style="margin-top:0px;margin-bottom:16px;padding:0px;color:#333333;font-family:Arial, &quot;Microsoft YaHei&quot;;font-size:16px;">▲</p><p style="margin-top:0px;margin-bottom:16px;padding:0px;color:#333333;font-family:Arial, &quot;Microsoft YaHei&quot;;font-size:16px;">每个字体LOGO品牌都有自己独特的个性，以及所要传达的品牌信息，道味的字体LOGO就是结合了豪放派中国风的意境，通过字体很好地向消费者传达了品牌文化。腾讯字体LOGO的简单更改,突出腾讯更现代、更协调、更动感的品牌形象，迎合了消费者的审美需求。</p><p><br/></p>', 'http://localhost/vuethink/php/uploads/20171209/a8008cf4e123a08c1a0ff2f55b449b45.jpg', '2017/12/09', '叶晟荣品牌设计顾问', 10, '0'),
(14, '关于品牌设计规范，你知道多少?', '<p>文章简介：　　分享关于品牌VI的一些知识，很多人以为做VI延展就是照着一套已有的模板把LOGO、文字、颜色替换一下，改改尺寸什么的……其实，这只是图省事的做法，并没有真正理解VI规范的意义。</p><p style="box-sizing:border-box;margin-top:40px;margin-bottom:0px;padding:0px;color:#333333;font-family:&quot;Microsoft Yahei&quot;, &quot;Helvetica Neue&quot;, Helvetica, &quot;Hiragino Sans GB&quot;, &quot;WenQuanYi Micro Hei&quot;, sans-serif;font-size:18px;">　　分享关于<a href="http://www.yeshengrong.com/news/www.ye2005.com" target="_blank">品牌VI</a>的一些知识，很多人以为做VI延展就是照着一套已有的模板把LOGO、文字、颜色替换一下，改改尺寸什么的……其实，这只是图省事的做法，并没有真正理解VI规范的意义。</p><p style="box-sizing:border-box;margin-top:0px;margin-bottom:0px;padding:0px;color:#333333;font-family:&quot;Microsoft Yahei&quot;, &quot;Helvetica Neue&quot;, Helvetica, &quot;Hiragino Sans GB&quot;, &quot;WenQuanYi Micro Hei&quot;, sans-serif;font-size:18px;">　　VI对于一个<a href="http://www.yeshengrong.com/news/www.ye2005.com" target="_blank">企业的品牌</a>来说是非常核心的视觉部分，VI与LOGO好比一个人身体与脸的关系，而VI实际场景的落地指导和品牌理念相当于这个人的动作和灵魂。所以，完整的<a href="http://www.yeshengrong.com/news/www.ye2005.com" target="_blank">品牌体系</a>意识是非常考验设计师的职业态度。</p><p style="box-sizing:border-box;margin-top:0px;margin-bottom:0px;padding:0px;color:#333333;font-family:&quot;Microsoft Yahei&quot;, &quot;Helvetica Neue&quot;, Helvetica, &quot;Hiragino Sans GB&quot;, &quot;WenQuanYi Micro Hei&quot;, sans-serif;font-size:18px;">　　在VI图形延展应用案例中最经典也是最成功的要属可口可乐了，甚至在某些场景中不需要出现LOGO（如下图），也能强烈感受到这个品牌涌动激情的生命力。</p><p style="box-sizing:border-box;margin-top:0px;margin-bottom:0px;padding:0px;color:#333333;font-family:&quot;Microsoft Yahei&quot;, &quot;Helvetica Neue&quot;, Helvetica, &quot;Hiragino Sans GB&quot;, &quot;WenQuanYi Micro Hei&quot;, sans-serif;font-size:18px;">　　<img src="http://localhost//vuethink/php/ueditor/20171211/1512961475647757.jpg"/></p><p style="box-sizing:border-box;margin-top:0px;margin-bottom:0px;padding:0px;color:#333333;font-family:&quot;Microsoft Yahei&quot;, &quot;Helvetica Neue&quot;, Helvetica, &quot;Hiragino Sans GB&quot;, &quot;WenQuanYi Micro Hei&quot;, sans-serif;font-size:18px;">　　那么，为什么可口可乐对于消费者有这么强的品牌形象植入？VI图形延展又该如何很好的渗透到品牌里？</p><p style="box-sizing:border-box;margin-top:0px;margin-bottom:0px;padding:0px;color:#333333;font-family:&quot;Microsoft Yahei&quot;, &quot;Helvetica Neue&quot;, Helvetica, &quot;Hiragino Sans GB&quot;, &quot;WenQuanYi Micro Hei&quot;, sans-serif;font-size:18px;">　　要学习VI首先要了解什么是CI。CI具体组成部分包括：理念识别(MI)，行为识别(BI)，视觉识别(VI)。CI是Corporate Identity System首字母缩写，也叫CIS，意思是“<a href="http://www.yeshengrong.com/news/www.ye2005.com" target="_blank">企业形象识别系统</a>”。</p><p style="box-sizing:border-box;margin-top:0px;margin-bottom:0px;padding:0px;color:#333333;font-family:&quot;Microsoft Yahei&quot;, &quot;Helvetica Neue&quot;, Helvetica, &quot;Hiragino Sans GB&quot;, &quot;WenQuanYi Micro Hei&quot;, sans-serif;font-size:18px;">　　在CIS的三大构成中，其核心是MI，它是整个CIS的最高决策层，给整个系统奠定了理论基础和行为准则，并通过BI与VI表达出来。所有的行为活动与视觉设计都是围绕着MI这个中心展开的，成功的BI与VI就是将企业的独特精神准确表达出来。</p><p style="box-sizing:border-box;margin-top:0px;margin-bottom:0px;padding:0px;color:#333333;font-family:&quot;Microsoft Yahei&quot;, &quot;Helvetica Neue&quot;, Helvetica, &quot;Hiragino Sans GB&quot;, &quot;WenQuanYi Micro Hei&quot;, sans-serif;font-size:18px;">　　而本期重点要分析的关于VI图形延展（视觉识别Visual Identity）是以标志、标准字、标准色为核心展开的完整系统的视觉表达体系。将企业理念、<a href="http://www.yeshengrong.com/news/www.ye2005.com" target="_blank">企业文化</a>、服务内容、企业规范等抽象概念转换为具体记忆和可识别的视觉符号，从而塑造出独特性的<a href="http://www.yeshengrong.com/news/www.ye2005.com" target="_blank">企业形象</a>。本期分享内容虽然不像前几期那么偏教程实操，但也是对品牌设计师最重要也是很容易疏忽的知识体系。</p><p style="box-sizing:border-box;margin-top:0px;margin-bottom:0px;padding:0px;color:#333333;font-family:&quot;Microsoft Yahei&quot;, &quot;Helvetica Neue&quot;, Helvetica, &quot;Hiragino Sans GB&quot;, &quot;WenQuanYi Micro Hei&quot;, sans-serif;font-size:18px;">　　以品牌标识的图形特征进行VI延展</p><p style="box-sizing:border-box;margin-top:0px;margin-bottom:0px;padding:0px;color:#333333;font-family:&quot;Microsoft Yahei&quot;, &quot;Helvetica Neue&quot;, Helvetica, &quot;Hiragino Sans GB&quot;, &quot;WenQuanYi Micro Hei&quot;, sans-serif;font-size:18px;">　　<img src="http://localhost//vuethink/php/ueditor/20171211/1512961475750000.jpg"/></p><p style="box-sizing:border-box;margin-top:0px;margin-bottom:0px;padding:0px;color:#333333;font-family:&quot;Microsoft Yahei&quot;, &quot;Helvetica Neue&quot;, Helvetica, &quot;Hiragino Sans GB&quot;, &quot;WenQuanYi Micro Hei&quot;, sans-serif;font-size:18px;">　　VI延展的形式很多，eika这个品牌在LOGO上重点对字母的笔画进行半圆切，并将这种半圆切的图形特征贯穿到整个VI延展中，甚至有独立的一套字体和符号。</p><p style="box-sizing:border-box;margin-top:0px;margin-bottom:0px;padding:0px;color:#333333;font-family:&quot;Microsoft Yahei&quot;, &quot;Helvetica Neue&quot;, Helvetica, &quot;Hiragino Sans GB&quot;, &quot;WenQuanYi Micro Hei&quot;, sans-serif;font-size:18px;">　　<img src="http://localhost//vuethink/php/ueditor/20171211/1512961475984911.jpg"/></p><p style="box-sizing:border-box;margin-top:0px;margin-bottom:0px;padding:0px;color:#333333;font-family:&quot;Microsoft Yahei&quot;, &quot;Helvetica Neue&quot;, Helvetica, &quot;Hiragino Sans GB&quot;, &quot;WenQuanYi Micro Hei&quot;, sans-serif;font-size:18px;">　　（上图）可以看到部分笔划经过圆切后，与整体的硬朗感笔划形成了刚中带柔的字体性格，很现代又很利落。</p><p style="box-sizing:border-box;margin-top:0px;margin-bottom:0px;padding:0px;color:#333333;font-family:&quot;Microsoft Yahei&quot;, &quot;Helvetica Neue&quot;, Helvetica, &quot;Hiragino Sans GB&quot;, &quot;WenQuanYi Micro Hei&quot;, sans-serif;font-size:18px;">　　<img src="http://localhost//vuethink/php/ueditor/20171211/1512961476153451.jpg"/></p><p style="box-sizing:border-box;margin-top:0px;margin-bottom:0px;padding:0px;color:#333333;font-family:&quot;Microsoft Yahei&quot;, &quot;Helvetica Neue&quot;, Helvetica, &quot;Hiragino Sans GB&quot;, &quot;WenQuanYi Micro Hei&quot;, sans-serif;font-size:18px;">　　对于VI延展，如果能提取到一个非常独特的图形特征是非常有价值的事，不在乎这个图形多么复杂巧妙，只要足够有识别度并且符合这个品牌的特质。</p><p style="box-sizing:border-box;margin-top:0px;margin-bottom:0px;padding:0px;color:#333333;font-family:&quot;Microsoft Yahei&quot;, &quot;Helvetica Neue&quot;, Helvetica, &quot;Hiragino Sans GB&quot;, &quot;WenQuanYi Micro Hei&quot;, sans-serif;font-size:18px;">　　<img src="http://localhost//vuethink/php/ueditor/20171211/1512961476802327.jpg"/></p><p style="box-sizing:border-box;margin-top:0px;margin-bottom:0px;padding:0px;color:#333333;font-family:&quot;Microsoft Yahei&quot;, &quot;Helvetica Neue&quot;, Helvetica, &quot;Hiragino Sans GB&quot;, &quot;WenQuanYi Micro Hei&quot;, sans-serif;font-size:18px;">　　eika在VI延展上巧妙地运用了这个半圆状，将它放在一个矩形空间里，就能得出N多种VI版式的占比，然后再将这些模板做规范化化设定。</p><p style="box-sizing:border-box;margin-top:0px;margin-bottom:0px;padding:0px;color:#333333;font-family:&quot;Microsoft Yahei&quot;, &quot;Helvetica Neue&quot;, Helvetica, &quot;Hiragino Sans GB&quot;, &quot;WenQuanYi Micro Hei&quot;, sans-serif;font-size:18px;">　　<img src="http://localhost//vuethink/php/ueditor/20171211/1512961477100246.jpg"/></p><p style="box-sizing:border-box;margin-top:0px;margin-bottom:0px;padding:0px;color:#333333;font-family:&quot;Microsoft Yahei&quot;, &quot;Helvetica Neue&quot;, Helvetica, &quot;Hiragino Sans GB&quot;, &quot;WenQuanYi Micro Hei&quot;, sans-serif;font-size:18px;">　　结合图片或色块的版式配上品牌文字（下图），整个调性就很容易透射出来。</p><p style="box-sizing:border-box;margin-top:0px;margin-bottom:0px;padding:0px;color:#333333;font-family:&quot;Microsoft Yahei&quot;, &quot;Helvetica Neue&quot;, Helvetica, &quot;Hiragino Sans GB&quot;, &quot;WenQuanYi Micro Hei&quot;, sans-serif;font-size:18px;">　　<img src="http://localhost//vuethink/php/ueditor/20171211/1512961478122679.jpg"/></p><p style="box-sizing:border-box;margin-top:0px;margin-bottom:0px;padding:0px;color:#333333;font-family:&quot;Microsoft Yahei&quot;, &quot;Helvetica Neue&quot;, Helvetica, &quot;Hiragino Sans GB&quot;, &quot;WenQuanYi Micro Hei&quot;, sans-serif;font-size:18px;">　　以及（下图）这些在实际手册、画册等实际场景中的展示。尺寸比例很多，但是整体看起来非常的统一、优雅。很大程度上让版式有据可依，有保证了视觉统一感。</p><p style="box-sizing:border-box;margin-top:0px;margin-bottom:0px;padding:0px;color:#333333;font-family:&quot;Microsoft Yahei&quot;, &quot;Helvetica Neue&quot;, Helvetica, &quot;Hiragino Sans GB&quot;, &quot;WenQuanYi Micro Hei&quot;, sans-serif;font-size:18px;">　　<img src="http://localhost//vuethink/php/ueditor/20171211/1512961478208144.jpg"/></p><p style="box-sizing:border-box;margin-top:0px;margin-bottom:0px;padding:0px;color:#333333;font-family:&quot;Microsoft Yahei&quot;, &quot;Helvetica Neue&quot;, Helvetica, &quot;Hiragino Sans GB&quot;, &quot;WenQuanYi Micro Hei&quot;, sans-serif;font-size:18px;">　　<img src="http://localhost//vuethink/php/ueditor/20171211/1512961479633815.jpg"/></p><p style="box-sizing:border-box;margin-top:0px;margin-bottom:0px;padding:0px;color:#333333;font-family:&quot;Microsoft Yahei&quot;, &quot;Helvetica Neue&quot;, Helvetica, &quot;Hiragino Sans GB&quot;, &quot;WenQuanYi Micro Hei&quot;, sans-serif;font-size:18px;">　　我们在翻看这些设计资料的时候，很容易一扫而过，或是只盯在精美有趣的画面里，如果能细细琢磨下这些设计为什么这样处理，那就能发现这些设计的本质。</p><p style="box-sizing:border-box;margin-top:0px;margin-bottom:0px;padding:0px;color:#333333;font-family:&quot;Microsoft Yahei&quot;, &quot;Helvetica Neue&quot;, Helvetica, &quot;Hiragino Sans GB&quot;, &quot;WenQuanYi Micro Hei&quot;, sans-serif;font-size:18px;">　　<img src="http://localhost//vuethink/php/ueditor/20171211/1512961479171998.jpg"/></p><p style="box-sizing:border-box;margin-top:0px;margin-bottom:0px;padding:0px;color:#333333;font-family:&quot;Microsoft Yahei&quot;, &quot;Helvetica Neue&quot;, Helvetica, &quot;Hiragino Sans GB&quot;, &quot;WenQuanYi Micro Hei&quot;, sans-serif;font-size:18px;">　　包括颜色、材质等规范的指导使用，特别是品牌色上，每个品牌基本上都是由一两个主色带一些辅助色，以保证不失主品牌辨识度前提下，丰富场景和功能表现的不同需要。</p><p style="box-sizing:border-box;margin-top:0px;margin-bottom:0px;padding:0px;color:#333333;font-family:&quot;Microsoft Yahei&quot;, &quot;Helvetica Neue&quot;, Helvetica, &quot;Hiragino Sans GB&quot;, &quot;WenQuanYi Micro Hei&quot;, sans-serif;font-size:18px;">　　将标识的某一局部放大进行VI延展</p><p style="box-sizing:border-box;margin-top:0px;margin-bottom:0px;padding:0px;color:#333333;font-family:&quot;Microsoft Yahei&quot;, &quot;Helvetica Neue&quot;, Helvetica, &quot;Hiragino Sans GB&quot;, &quot;WenQuanYi Micro Hei&quot;, sans-serif;font-size:18px;">　　<img src="http://localhost//vuethink/php/ueditor/20171211/1512961479390943.jpg"/></p><p style="box-sizing:border-box;margin-top:0px;margin-bottom:0px;padding:0px;color:#333333;font-family:&quot;Microsoft Yahei&quot;, &quot;Helvetica Neue&quot;, Helvetica, &quot;Hiragino Sans GB&quot;, &quot;WenQuanYi Micro Hei&quot;, sans-serif;font-size:18px;">　　像这种将LOGO的局部放大延展为VI辅助形的方式比较多。（上图）LOGO图形比较复杂，选取其中一部分图案延展为辅助形，既能简洁的保持与LOGO一致的品牌调性，也利于VI延展的版式信息排布，而且还能达到很强的视觉冲击力。</p><p style="box-sizing:border-box;margin-top:0px;margin-bottom:0px;padding:0px;color:#333333;font-family:&quot;Microsoft Yahei&quot;, &quot;Helvetica Neue&quot;, Helvetica, &quot;Hiragino Sans GB&quot;, &quot;WenQuanYi Micro Hei&quot;, sans-serif;font-size:18px;">　　<img src="http://localhost//vuethink/php/ueditor/20171211/1512961480192911.jpg"/></p><p style="box-sizing:border-box;margin-top:0px;margin-bottom:0px;padding:0px;color:#333333;font-family:&quot;Microsoft Yahei&quot;, &quot;Helvetica Neue&quot;, Helvetica, &quot;Hiragino Sans GB&quot;, &quot;WenQuanYi Micro Hei&quot;, sans-serif;font-size:18px;">　　你会看到（上图）所有的VI辅助形基本都是同一角度和走向延伸，这也是大众第一眼能感受到的品牌统一感，其次是既整体又很灵活的文字排布和主辅色的应用。</p><p style="box-sizing:border-box;margin-top:0px;margin-bottom:0px;padding:0px;color:#333333;font-family:&quot;Microsoft Yahei&quot;, &quot;Helvetica Neue&quot;, Helvetica, &quot;Hiragino Sans GB&quot;, &quot;WenQuanYi Micro Hei&quot;, sans-serif;font-size:18px;">　　以吉祥物的外形进行变化延展品牌</p><p style="box-sizing:border-box;margin-top:0px;margin-bottom:0px;padding:0px;color:#333333;font-family:&quot;Microsoft Yahei&quot;, &quot;Helvetica Neue&quot;, Helvetica, &quot;Hiragino Sans GB&quot;, &quot;WenQuanYi Micro Hei&quot;, sans-serif;font-size:18px;">　　火狐的这个VI延展在于尾巴的各种形状变化，从（下图）草图可以看出设计师在寻找各种变化，能把品牌辅助形用的这么灵活，也是我们该好好学习的。</p><p style="box-sizing:border-box;margin-top:0px;margin-bottom:0px;padding:0px;color:#333333;font-family:&quot;Microsoft Yahei&quot;, &quot;Helvetica Neue&quot;, Helvetica, &quot;Hiragino Sans GB&quot;, &quot;WenQuanYi Micro Hei&quot;, sans-serif;font-size:18px;">　　<img src="http://localhost//vuethink/php/ueditor/20171211/1512961480119555.jpg"/></p><p style="box-sizing:border-box;margin-top:0px;margin-bottom:0px;padding:0px;color:#333333;font-family:&quot;Microsoft Yahei&quot;, &quot;Helvetica Neue&quot;, Helvetica, &quot;Hiragino Sans GB&quot;, &quot;WenQuanYi Micro Hei&quot;, sans-serif;font-size:18px;">　　不管是空间效果还是广告KV，以及与产品的组合关系，都是很新很震撼的感受。</p><p style="box-sizing:border-box;margin-top:0px;margin-bottom:0px;padding:0px;color:#333333;font-family:&quot;Microsoft Yahei&quot;, &quot;Helvetica Neue&quot;, Helvetica, &quot;Hiragino Sans GB&quot;, &quot;WenQuanYi Micro Hei&quot;, sans-serif;font-size:18px;">　　<img src="http://localhost//vuethink/php/ueditor/20171211/1512961480523223.jpg"/></p><p style="box-sizing:border-box;margin-top:0px;margin-bottom:0px;padding:0px;color:#333333;font-family:&quot;Microsoft Yahei&quot;, &quot;Helvetica Neue&quot;, Helvetica, &quot;Hiragino Sans GB&quot;, &quot;WenQuanYi Micro Hei&quot;, sans-serif;font-size:18px;">　　VI这个东西，如果思路放开后，会发现其实可以变化的空间非常大，能把一个品牌做活了，对于设计也是一件很有成就感的事情。</p><p style="box-sizing:border-box;margin-top:0px;margin-bottom:0px;padding:0px;color:#333333;font-family:&quot;Microsoft Yahei&quot;, &quot;Helvetica Neue&quot;, Helvetica, &quot;Hiragino Sans GB&quot;, &quot;WenQuanYi Micro Hei&quot;, sans-serif;font-size:18px;">　　如果你觉得这些案例都是因为出自国外设计师手笔，那么我们就要举下面这个大家不可能不知道的国内案例了。</p><p style="box-sizing:border-box;margin-top:0px;margin-bottom:0px;padding:0px;color:#333333;font-family:&quot;Microsoft Yahei&quot;, &quot;Helvetica Neue&quot;, Helvetica, &quot;Hiragino Sans GB&quot;, &quot;WenQuanYi Micro Hei&quot;, sans-serif;font-size:18px;">　　<img src="http://localhost//vuethink/php/ueditor/20171211/1512961481451317.jpg"/></p><p style="box-sizing:border-box;margin-top:0px;margin-bottom:0px;padding:0px;color:#333333;font-family:&quot;Microsoft Yahei&quot;, &quot;Helvetica Neue&quot;, Helvetica, &quot;Hiragino Sans GB&quot;, &quot;WenQuanYi Micro Hei&quot;, sans-serif;font-size:18px;">　　目前国内最成功的案例要数天猫了，非常具有独特识别性的吉祥物天猫的猫头贯穿每年的双十一各大品牌广告露出。</p><p style="box-sizing:border-box;margin-top:0px;margin-bottom:0px;padding:0px;color:#333333;font-family:&quot;Microsoft Yahei&quot;, &quot;Helvetica Neue&quot;, Helvetica, &quot;Hiragino Sans GB&quot;, &quot;WenQuanYi Micro Hei&quot;, sans-serif;font-size:18px;">　　<img src="http://localhost//vuethink/php/ueditor/20171211/1512961481258793.jpg"/></p><p style="box-sizing:border-box;margin-top:0px;margin-bottom:0px;padding:0px;color:#333333;font-family:&quot;Microsoft Yahei&quot;, &quot;Helvetica Neue&quot;, Helvetica, &quot;Hiragino Sans GB&quot;, &quot;WenQuanYi Micro Hei&quot;, sans-serif;font-size:18px;">　　<img src="http://localhost//vuethink/php/ueditor/20171211/1512961482420807.jpg"/></p><p style="box-sizing:border-box;margin-top:0px;margin-bottom:0px;padding:0px;color:#333333;font-family:&quot;Microsoft Yahei&quot;, &quot;Helvetica Neue&quot;, Helvetica, &quot;Hiragino Sans GB&quot;, &quot;WenQuanYi Micro Hei&quot;, sans-serif;font-size:18px;">　　毫无疑问，天猫的品牌VI是非常成功的，一个好的LOGO是品牌不可或缺的，但如何将品牌用好才是关键。</p><p><br/></p>', 'http://localhost/vuethink/php/uploads/20171209/9acd8246187ca94a55ee427a807c75ab.jpg', '2017/12/11', '叶晟荣品牌设计顾问', 11, '0');
INSERT INTO `sinoye_news` (`id`, `title`, `content`, `listpic`, `create_time`, `writer`, `order`, `status`) VALUES
(15, '今年的双11品牌设计，官方首度揭秘背后全过程！', '<p>文章简介：编者按：一年一度的双十一全球狂欢节来了！相信大家之前也通过各种途径看到了双十一的品牌渗透，之前也有过不少猜想，今年双十一品牌到底在玩什么，背后的思考是什么？今天阿里官方设计师首度向大家揭秘双十一品牌设计的心路历程。</p><p style="margin-top:0px;margin-bottom:16px;padding:0px;color:#333333;font-family:Arial, &quot;Microsoft YaHei&quot;;font-size:16px;">当设计师接手这个任务的时候，就意识到这项挑战的艰巨。历届双十一所展现出来的设计水准之高，意味着今年双十一<a href="http://www.yeshengrong.com/news/www.ye2005.com" target="_blank">品牌设计</a>的难度之大。今天展现出来的双十一<a href="http://www.yeshengrong.com/news/www.ye2005.com" target="_blank">品牌设计</a>，绝不仅仅只是<a href="http://www.yeshengrong.com/news/www.ye2005.com" target="_blank">设计一个Logo</a>，（当然，有经验的设计师都知道，要设计一个打通所有关节，上下贯彻的Logo，本来就很不简单）而是既要体现业务策略，又能够有效、有趣的完成与消费者之间的沟通。在这之中，Logo是所有<a href="http://www.yeshengrong.com/news/www.ye2005.com" target="_blank">品牌策略</a>和创意的汇聚提炼，又是整个双十一品牌延展设计的原点，纲举才能目张。要了解双十一品牌的始末，我们的故事就得从Logo说起。</p><p class="picbox" style="margin-top:0px;margin-bottom:16px;padding:0px;text-align:center;color:#333333;font-family:Arial, &quot;Microsoft YaHei&quot;;font-size:16px;"><img src="https://wx3.sinaimg.cn/large/91554da5ly1fl0n7tmufpj20jg0cxaai.jpg" alt="今年双十一的Logo"/><span class="picinfo" style="display:inline-block;position:relative;min-width:0px;margin:7px 0px 0px;padding:0px 0px 0px 14px;border-bottom:none;font-size:12px;line-height:20px;color:#808080;text-align:left;">今年双十一的Logo</span></p><p class="picbox" style="margin-top:0px;margin-bottom:16px;padding:0px;text-align:center;color:#333333;font-family:Arial, &quot;Microsoft YaHei&quot;;font-size:16px;"><img src="https://wx1.sinaimg.cn/large/91554da5ly1fl0n8jdklhj20m80htac4.jpg" alt="△多语言版本"/><span class="picinfo" style="display:inline-block;position:relative;min-width:0px;margin:7px 0px 0px;padding:0px 0px 0px 14px;border-bottom:none;font-size:12px;line-height:20px;color:#808080;text-align:left;">△多语言版本</span></p><p style="margin-top:0px;margin-bottom:16px;padding:0px;color:#333333;font-family:Arial, &quot;Microsoft YaHei&quot;;font-size:16px;">把它和历届双十一Logo放在一起的时候，大家能看出什么区别？</p><p class="picbox" style="margin-top:0px;margin-bottom:16px;padding:0px;text-align:center;color:#333333;font-family:Arial, &quot;Microsoft YaHei&quot;;font-size:16px;"><img src="https://wx2.sinaimg.cn/large/91554da5ly1fl0n9cle16j20m8051ta7.jpg"/></p><p style="margin-top:0px;margin-bottom:16px;padding:0px;color:#333333;font-family:Arial, &quot;Microsoft YaHei&quot;;font-size:16px;">从近几年的Logo变化中可以看出，没了购物两个字的天猫双十一，理念上不再局限于电商促销活动。特别是在2015年，天猫开始启用猫头符号，之后一直在延续猫头的演绎，并且在此基础上，每一年的Logo都有细微的变化。每一个小细节的变化都透露着这一年天猫双十一的<a href="http://www.yeshengrong.com/news/www.ye2005.com" target="_blank">品牌理念</a>。</p><p style="margin-top:0px;margin-bottom:16px;padding:0px;color:#333333;font-family:Arial, &quot;Microsoft YaHei&quot;;font-size:16px;">2015 强调全球化，用「律动」和「地球」来突出「全球的狂欢」。</p><p style="margin-top:0px;margin-bottom:16px;padding:0px;color:#333333;font-family:Arial, &quot;Microsoft YaHei&quot;;font-size:16px;">2016 强调平台的超级规模，用「汇聚、融合」来表现「尽情尽兴」。</p><p style="margin-top:0px;margin-bottom:16px;padding:0px;color:#333333;font-family:Arial, &quot;Microsoft YaHei&quot;;font-size:16px;">那么，今年的双十一品牌理念是什么？要从哪个方向入手？业务上会有什么样的线索？这个是设计师首先要解决的问题。</p><h2 style="margin:0px 0px 16px;padding:0px;font-size:22px;font-weight:400;color:#333333;font-family:Arial, &quot;Microsoft YaHei&quot;;">两个维度锁定方向</h2><p style="margin-top:0px;margin-bottom:16px;padding:0px;color:#333333;font-family:Arial, &quot;Microsoft YaHei&quot;;font-size:16px;"><strong>1.从传承的维度</strong></p><p style="margin-top:0px;margin-bottom:16px;padding:0px;color:#333333;font-family:Arial, &quot;Microsoft YaHei&quot;;font-size:16px;">我们不难看出，不管每年的主题是什么，平台一直传承着「让更多的人来参与的」这条主线，其中「人」是不变的主线。</p><p class="picbox" style="margin-top:0px;margin-bottom:16px;padding:0px;text-align:center;color:#333333;font-family:Arial, &quot;Microsoft YaHei&quot;;font-size:16px;"><img src="https://wx3.sinaimg.cn/large/91554da5ly1fl0na1ka3mj20m80ckwfw.jpg"/></p><p style="margin-top:0px;margin-bottom:16px;padding:0px;color:#333333;font-family:Arial, &quot;Microsoft YaHei&quot;;font-size:16px;"><strong>2. 业务方向的维度</strong></p><ul style="margin:0px 0px 16px 16px;padding:0px;list-style-position:initial;list-style-image:initial;color:#333333;font-family:Arial, &quot;Microsoft YaHei&quot;;font-size:16px;" class=" list-paddingleft-2"><li><p><strong>新零售</strong></p></li></ul><p style="margin-top:0px;margin-bottom:16px;padding:0px;color:#333333;font-family:Arial, &quot;Microsoft YaHei&quot;;font-size:16px;">从去年开始，阿里巴巴开始启动五新<a href="http://www.yeshengrong.com/news/www.ye2005.com" target="_blank">品牌战略</a>（新零售、新制造、新金融、新技术、新能源），首当其冲的就是“新零售”。作为全球零售业最大的狂欢日，怎能不体现出“新零售”的特征。那么什么是新零售，网上流传各种版本和说法，我们尽量去掉表面的浮沫，还原本质，用一句话提炼：</p><p style="margin-top:0px;margin-bottom:16px;padding:0px;color:#333333;font-family:Arial, &quot;Microsoft YaHei&quot;;font-size:16px;">新零售的本质：人、货、场，以人的个性化需求为核心，重新构建生产、销售、配送、运营以及服务体系。</p><ul style="margin:0px 0px 16px 16px;padding:0px;list-style-position:initial;list-style-image:initial;color:#333333;font-family:Arial, &quot;Microsoft YaHei&quot;;font-size:16px;" class=" list-paddingleft-2"><li><p><strong>全球化</strong></p></li></ul><p style="margin-top:0px;margin-bottom:16px;padding:0px;color:#333333;font-family:Arial, &quot;Microsoft YaHei&quot;;font-size:16px;">从2015年开始，阿里就在启动全球化战略，今年的不同在于之前的全球化主要是指全球商品，<a href="http://www.yeshengrong.com/news/www.ye2005.com" target="_blank">全球品牌</a>的汇聚，而今年开始，我们更关注的是全球消费者的融入，这里面，核心还是在于人、在于更多不同种族不同文化背景的融合。</p><ul style="margin:0px 0px 16px 16px;padding:0px;list-style-position:initial;list-style-image:initial;color:#333333;font-family:Arial, &quot;Microsoft YaHei&quot;;font-size:16px;" class=" list-paddingleft-2"><li><p><strong>节日狂欢</strong></p></li></ul><p style="margin-top:0px;margin-bottom:16px;padding:0px;color:#333333;font-family:Arial, &quot;Microsoft YaHei&quot;;font-size:16px;">从双十一开创的第一天开始，“狂欢”就是始终贯彻的主旋律，而随着狂欢的深入，双十一已经变成了全球消费者的节日，而节日就意味着不仅仅只有整体氛围上的狂欢，还有属于每一个消费者自己的小确幸，主角同样是人。</p><p style="margin-top:0px;margin-bottom:16px;padding:0px;color:#333333;font-family:Arial, &quot;Microsoft YaHei&quot;;font-size:16px;">这三大要素决定了以人为核心的方向！</p><p style="margin-top:0px;margin-bottom:16px;padding:0px;color:#333333;font-family:Arial, &quot;Microsoft YaHei&quot;;font-size:16px;">同样是传承「人」这条主线，今年的不同就在于，过去我们总是站在大平台的视角向消费者强调我们的规模、我们商品的丰富、全球品牌全球商品的汇聚。而今天，我们更在意的是每一个人的消费体验，一个消费者他应该包含了行为、生活方式、态度情绪、情怀、价值观、爱和梦想。这才是一个鲜活有生命力的人，正是这些鲜活的人的融入所产生的共鸣，双十一才更精彩。</p><p style="margin-top:0px;margin-bottom:16px;padding:0px;color:#333333;font-family:Arial, &quot;Microsoft YaHei&quot;;font-size:16px;">这不仅仅是一种人文关怀，更重要的是我们作为一家使命驱动的公司，认真的为每一个消费者创造极致的消费体验。这是一个更大的格局，海纳百川的气度。因此，我们的设计就要有足够的包容性。我们的Logo，它更像是一个容器，能容纳不同内容演绎的符号，通过这个品牌符号去传递更加多元的内容，让天猫的形象变得有血有肉，用鲜活的生命力，去和每一个消费者对话，让他们感受到自己真实的存在。</p><p style="margin-top:0px;margin-bottom:16px;padding:0px;color:#333333;font-family:Arial, &quot;Microsoft YaHei&quot;;font-size:16px;"><a href="http://www.yeshengrong.com/news/www.ye2005.com" target="_blank">品牌设计</a>的三个要点：<strong>包容、鲜活、共鸣</strong></p><p class="picbox" style="margin-top:0px;margin-bottom:16px;padding:0px;text-align:center;color:#333333;font-family:Arial, &quot;Microsoft YaHei&quot;;font-size:16px;"><img src="https://wx3.sinaimg.cn/large/91554da5ly1fl0navry5cj20m80cijuw.jpg"/></p><p class="picbox" style="margin-top:0px;margin-bottom:16px;padding:0px;text-align:center;color:#333333;font-family:Arial, &quot;Microsoft YaHei&quot;;font-size:16px;"><img src="https://wx1.sinaimg.cn/large/91554da5ly1fl0nb0sj4jj20m80a4dgh.jpg"/></p><p style="margin-top:0px;margin-bottom:16px;padding:0px;color:#333333;font-family:Arial, &quot;Microsoft YaHei&quot;;font-size:16px;">以消费者为核心，是要让消费者置身其中，体验真实的存在感。所以，我们首先要走进每一个消费者的内心，去洞察他们差异化的内心需求，带入更多有想象力的新选择，启发他们打开新的生活方式。创造更具带入感的场景，让消费者融入其中，尽情释放自我。放大被满足的喜悦，带入更多消费者情感表达，营造出由外而内的内心共鸣。这就是「in」这个核心概念，以「in」来构建我们<a href="http://www.yeshengrong.com/news/www.ye2005.com" target="_blank">品牌的内核</a>。</p><p class="picbox" style="margin-top:0px;margin-bottom:16px;padding:0px;text-align:center;color:#333333;font-family:Arial, &quot;Microsoft YaHei&quot;;font-size:16px;"><img src="https://wx4.sinaimg.cn/large/91554da5ly1fl0nbfavnkj20m80cigmc.jpg"/></p><p style="margin-top:0px;margin-bottom:16px;padding:0px;color:#333333;font-family:Arial, &quot;Microsoft YaHei&quot;;font-size:16px;">接下来的问题就是「in」这个品牌内核，如何传递给消费者，用消费的语言来解读，让他们有体感？</p><p class="picbox" style="margin-top:0px;margin-bottom:16px;padding:0px;text-align:center;color:#333333;font-family:Arial, &quot;Microsoft YaHei&quot;;font-size:16px;"><img src="https://wx3.sinaimg.cn/large/91554da5ly1fl0nf2sj0gj20m80cgwen.jpg"/></p><p style="margin-top:0px;margin-bottom:16px;padding:0px;color:#333333;font-family:Arial, &quot;Microsoft YaHei&quot;;font-size:16px;">设计师开始了一轮又一轮的打磨，方案始终差强人意。不满意的同时，又激发了设计师的加班热情，想要通过时间的累积和更多的方向探索来找到答案。</p><p class="picbox" style="margin-top:0px;margin-bottom:16px;padding:0px;text-align:center;color:#333333;font-family:Arial, &quot;Microsoft YaHei&quot;;font-size:16px;"><img src="https://wx4.sinaimg.cn/large/91554da5ly1fl0nfbu4nrj20m80egtdb.jpg"/></p><p style="margin-top:0px;margin-bottom:16px;padding:0px;color:#333333;font-family:Arial, &quot;Microsoft YaHei&quot;;font-size:16px;">设计并不是数学公式可以推导和预测，在技巧和方法的背后，设计需要一件重要的东西——灵感！而灵感总是孕育于日常生活之中。就在一次网购的体验中，设计师找到了灵感，打开包裹的瞬间，灵感被激发——那就是<strong>「open」</strong>带来的惊喜感！</p><p style="margin-top:0px;margin-bottom:16px;padding:0px;color:#333333;font-family:Arial, &quot;Microsoft YaHei&quot;;font-size:16px;">没错，我们每一个人都是消费者，灵感就藏在这些真实的消费体验中。我们预设了很多玩法，准备了很多理念，营造了很多体验，但是对于消费者而言，这一切都聚集在每一个「打开」的瞬间，打开手机、打开电脑、打开红包、打开页面、打开包裹…</p><p style="margin-top:0px;margin-bottom:16px;padding:0px;color:#333333;font-family:Arial, &quot;Microsoft YaHei&quot;;font-size:16px;">Open, Beyond Imagination! 开启，超越想象的精彩！这就是我们表现上的灵感，用<strong>「Open」</strong>来构建情感上的共鸣。历史再一次证明，想不出来，是因为买的还不够！灵感袭来，设计师兴奋的一夜没合眼…</p><p class="picbox" style="margin-top:0px;margin-bottom:16px;padding:0px;text-align:center;color:#333333;font-family:Arial, &quot;Microsoft YaHei&quot;;font-size:16px;"><img src="https://wx3.sinaimg.cn/large/91554da5ly1fl0nfkzwldj20m80cj0tl.jpg"/></p><p style="margin-top:0px;margin-bottom:16px;padding:0px;color:#333333;font-family:Arial, &quot;Microsoft YaHei&quot;;font-size:16px;">灵感确定之后，Logo到底该长什么样！我们要用什么样的视觉语言去沟通？顺着思绪的线索，还需要继续深入去洞察去挖掘。洞察什么？洞察当人完全打开自己，感到幸福满足的时刻会干什么？</p><p class="picbox" style="margin-top:0px;margin-bottom:16px;padding:0px;text-align:center;color:#333333;font-family:Arial, &quot;Microsoft YaHei&quot;;font-size:16px;"><img src="https://wx4.sinaimg.cn/large/91554da5ly1fl0nfullpyj20jg0ay0u5.jpg"/></p><p style="margin-top:0px;margin-bottom:16px;padding:0px;color:#333333;font-family:Arial, &quot;Microsoft YaHei&quot;;font-size:16px;">设计师最后选择了张开双臂的形象——张开双臂去释放自己，拥抱当下，拥抱世界的美好。这是一个全球通用的视觉语言，它是不需要解释的共鸣。设计师将张开双臂这个视觉语言和天猫双十一结合，构建一个具有包容性的品牌符号。同时在这个图形容器里去演绎不一样的欢乐元素！</p><p class="picbox" style="margin-top:0px;margin-bottom:16px;padding:0px;text-align:center;color:#333333;font-family:Arial, &quot;Microsoft YaHei&quot;;font-size:16px;"><img src="https://wx3.sinaimg.cn/large/91554da5ly1fl0ng3ng3fj20jg0awt8p.jpg"/></p><p class="picbox" style="margin-top:0px;margin-bottom:16px;padding:0px;text-align:center;color:#333333;font-family:Arial, &quot;Microsoft YaHei&quot;;font-size:16px;"><img src="https://wx2.sinaimg.cn/large/91554da5ly1fl0ng9agncj20m80ci758.jpg"/></p><p style="margin-top:0px;margin-bottom:16px;padding:0px;color:#333333;font-family:Arial, &quot;Microsoft YaHei&quot;;font-size:16px;">在静态版本中，将所有元素抽象凝练成最具有包容性的方形和圆形，用简洁的力量去诠释这种活力和多元化。</p><p class="picbox" style="margin-top:0px;margin-bottom:16px;padding:0px;text-align:center;color:#333333;font-family:Arial, &quot;Microsoft YaHei&quot;;font-size:16px;"><img src="https://wx2.sinaimg.cn/large/91554da5ly1fl0nglu3evj20jg0e20tb.jpg"/></p><p style="margin-top:0px;margin-bottom:16px;padding:0px;color:#333333;font-family:Arial, &quot;Microsoft YaHei&quot;;font-size:16px;">一个好的品牌符号，需要有很好的应用性，这不仅体现在组合样式上，还需要能够既上得了台面，又能够向下延展的时候具有很强的感染力，在传播层面，甚至不需要一句文案去解释，直观的就能展示出平台的活力、开放和包容性。它充满了欢乐的气息，又很有记忆度。品牌方也能在我们的符号下有更广阔的拓展空间。</p><p class="picbox" style="margin-top:0px;margin-bottom:16px;padding:0px;text-align:center;color:#333333;font-family:Arial, &quot;Microsoft YaHei&quot;;font-size:16px;"><img src="https://wx3.sinaimg.cn/large/91554da5ly1fl0ngvemduj20jg0hbgnl.jpg"/></p><p class="picbox" style="margin-top:0px;margin-bottom:16px;padding:0px;text-align:center;color:#333333;font-family:Arial, &quot;Microsoft YaHei&quot;;font-size:16px;"><img src="https://wx3.sinaimg.cn/large/91554da5ly1fl0nh0oymbj20jg0hbwgl.jpg"/></p><h2 style="margin:0px 0px 16px;padding:0px;font-size:22px;font-weight:400;color:#333333;font-family:Arial, &quot;Microsoft YaHei&quot;;">天合计划（天猫品牌合作计划的简称）：</h2><p class="picbox" style="margin-top:0px;margin-bottom:16px;padding:0px;text-align:center;color:#333333;font-family:Arial, &quot;Microsoft YaHei&quot;;font-size:16px;"><img src="https://wx3.sinaimg.cn/large/91554da5ly1fl0nhh7si2j206z0cimzt.jpg"/></p><p class="picbox" style="margin-top:0px;margin-bottom:16px;padding:0px;text-align:center;color:#333333;font-family:Arial, &quot;Microsoft YaHei&quot;;font-size:16px;"><img src="https://wx2.sinaimg.cn/large/91554da5ly1fl0nhh524qj209o0ci44h.jpg"/></p><p class="picbox" style="margin-top:0px;margin-bottom:16px;padding:0px;text-align:center;color:#333333;font-family:Arial, &quot;Microsoft YaHei&quot;;font-size:16px;"><img src="https://wx4.sinaimg.cn/large/91554da5ly1fl0nhh2sfcj20jg0g4aby.jpg"/></p><p class="picbox" style="margin-top:0px;margin-bottom:16px;padding:0px;text-align:center;color:#333333;font-family:Arial, &quot;Microsoft YaHei&quot;;font-size:16px;"><img src="https://wx3.sinaimg.cn/large/91554da5ly1fl0nhh3k2kj20jg0dbta9.jpg"/></p><p style="margin-top:0px;margin-bottom:16px;padding:0px;color:#333333;font-family:Arial, &quot;Microsoft YaHei&quot;;font-size:16px;">双十一品牌工作还有很重要的一部分是视觉风格，除了Logo，整个双十一到底要长什么样？视觉风格到底是怎么样？</p><h2 style="margin:0px 0px 16px;padding:0px;font-size:22px;font-weight:400;color:#333333;font-family:Arial, &quot;Microsoft YaHei&quot;;">历届双十一风格：</h2><p class="picbox" style="margin-top:0px;margin-bottom:16px;padding:0px;text-align:center;color:#333333;font-family:Arial, &quot;Microsoft YaHei&quot;;font-size:16px;"><img src="https://wx2.sinaimg.cn/large/91554da5ly1fl0nhwdahoj20m80bcn12.jpg"/></p><p class="picbox" style="margin-top:0px;margin-bottom:16px;padding:0px;text-align:center;color:#333333;font-family:Arial, &quot;Microsoft YaHei&quot;;font-size:16px;"><img src="https://wx2.sinaimg.cn/large/91554da5ly1fl0ni53ui5j20m80bdq7g.jpg"/></p><p class="picbox" style="margin-top:0px;margin-bottom:16px;padding:0px;text-align:center;color:#333333;font-family:Arial, &quot;Microsoft YaHei&quot;;font-size:16px;"><img src="https://wx3.sinaimg.cn/large/91554da5ly1fl0ni5i7rlj20m80bejw6.jpg"/></p><p class="picbox" style="margin-top:0px;margin-bottom:16px;padding:0px;text-align:center;color:#333333;font-family:Arial, &quot;Microsoft YaHei&quot;;font-size:16px;"><img src="https://wx4.sinaimg.cn/large/91554da5ly1fl0ni5bfuhj20m80argu4.jpg"/></p><p style="margin-top:0px;margin-bottom:16px;padding:0px;color:#333333;font-family:Arial, &quot;Microsoft YaHei&quot;;font-size:16px;">抛开设计元素和各种表现手法，我们可以看到，双十一的视觉风格，其实一直延续着波普艺术的路线，其实这也比较容易理解，双十一本来就是普罗大众的狂欢，所以在调性上要有普适性，而波普艺术所倡导的「艺术要普罗大众」的理念和双十一的品牌精神不谋而合。</p><p style="margin-top:0px;margin-bottom:16px;padding:0px;color:#333333;font-family:Arial, &quot;Microsoft YaHei&quot;;font-size:16px;">因此，在今年做双十一设计风格设定的时候，保留了波普这个大的基调，作为双十一品牌的视觉传承，这里面也有一定的挑战。首先，波普艺术这个大的基调，这些年被电商大量重复使用，鲜艳的颜色，矢量扁平的元素应用让用户心生疲倦，消费者还需要一些新的视觉刺激，在大基调不变的前提下，如何玩出些新意？从哪里去找到突破口？</p><p style="margin-top:0px;margin-bottom:16px;padding:0px;color:#333333;font-family:Arial, &quot;Microsoft YaHei&quot;;font-size:16px;">设计师还是从<strong>「Open」</strong>这个核心概念来入手，<strong>「Open」</strong>给人的视觉联想应该是「五光十色、绚烂多彩」的，那什么能表现这种感官，「我们想在波普里面加光！」听上去感觉很不错，但是光怎么表现呢…</p><p style="margin-top:0px;margin-bottom:16px;padding:0px;color:#333333;font-family:Arial, &quot;Microsoft YaHei&quot;;font-size:16px;"><strong>「镭射+POP ART！」</strong>设计师一下子有了想法，创意很多时候都是通过老元素的新组合产生的。</p><p class="picbox" style="margin-top:0px;margin-bottom:16px;padding:0px;text-align:center;color:#333333;font-family:Arial, &quot;Microsoft YaHei&quot;;font-size:16px;"><img src="https://wx3.sinaimg.cn/large/91554da5ly1fl0nii2o48j20jg0czjug.jpg"/></p><p style="margin-top:0px;margin-bottom:16px;padding:0px;color:#333333;font-family:Arial, &quot;Microsoft YaHei&quot;;font-size:16px;">确定了视觉风格的主思路之后，就是反复的尝试。因为设计师发现一个问题，镭射这个元素很炫酷，但是也很难驾驭，所以要保持克制，要high也要有原则。就有了镭射不超过30%的画面占比这个视觉原则。而在应用上，我们可以感受到这种扑面而来的欢乐，这就是节日该有的样子。</p><p class="picbox" style="margin-top:0px;margin-bottom:16px;padding:0px;text-align:center;color:#333333;font-family:Arial, &quot;Microsoft YaHei&quot;;font-size:16px;"><img src="https://wx4.sinaimg.cn/large/91554da5ly1fl0nisfvo7j20jg0ehdge.jpg"/></p><p class="picbox" style="margin-top:0px;margin-bottom:16px;padding:0px;text-align:center;color:#333333;font-family:Arial, &quot;Microsoft YaHei&quot;;font-size:16px;"><img src="https://wx4.sinaimg.cn/large/91554da5ly1fl0nj0wqtfj20jg0aeaac.jpg"/></p><h2 style="margin:0px 0px 16px;padding:0px;font-size:22px;font-weight:400;color:#333333;font-family:Arial, &quot;Microsoft YaHei&quot;;">园区内部传播氛围：</h2><p class="picbox" style="margin-top:0px;margin-bottom:16px;padding:0px;text-align:center;color:#333333;font-family:Arial, &quot;Microsoft YaHei&quot;;font-size:16px;"><img src="https://wx2.sinaimg.cn/large/91554da5ly1fl0njd3rc5j20dd0dwwfz.jpg"/></p><p class="picbox" style="margin-top:0px;margin-bottom:16px;padding:0px;text-align:center;color:#333333;font-family:Arial, &quot;Microsoft YaHei&quot;;font-size:16px;"><img src="https://wx4.sinaimg.cn/large/91554da5ly1fl0njta11yj20jg0aw74o.jpg"/></p><p class="picbox" style="margin-top:0px;margin-bottom:16px;padding:0px;text-align:center;color:#333333;font-family:Arial, &quot;Microsoft YaHei&quot;;font-size:16px;"><img src="https://wx2.sinaimg.cn/large/91554da5ly1fl0njt9clqj20jg0g7wfr.jpg"/></p><p class="picbox" style="margin-top:0px;margin-bottom:16px;padding:0px;text-align:center;color:#333333;font-family:Arial, &quot;Microsoft YaHei&quot;;font-size:16px;"><img src="https://wx1.sinaimg.cn/large/91554da5ly1fl0njte3t2j20jg0g70u8.jpg"/></p><h2 style="margin:0px 0px 16px;padding:0px;font-size:22px;font-weight:400;color:#333333;font-family:Arial, &quot;Microsoft YaHei&quot;;">天猫双十一造势期主会场：</h2><p class="picbox" style="margin-top:0px;margin-bottom:16px;padding:0px;text-align:center;color:#333333;font-family:Arial, &quot;Microsoft YaHei&quot;;font-size:16px;"><img src="https://wx1.sinaimg.cn/large/91554da5ly1fl0nkca3nxj20m80g6kc0.jpg"/></p><h2 style="margin:0px 0px 16px;padding:0px;font-size:22px;font-weight:400;color:#333333;font-family:Arial, &quot;Microsoft YaHei&quot;;">天猫双十一潮流盛典：</h2><p class="picbox" style="margin-top:0px;margin-bottom:16px;padding:0px;text-align:center;color:#333333;font-family:Arial, &quot;Microsoft YaHei&quot;;font-size:16px;"><img src="https://wx1.sinaimg.cn/large/91554da5ly1fl0nkld98bj20jg0eejtm.jpg"/></p><h2 style="margin:0px 0px 16px;padding:0px;font-size:22px;font-weight:400;color:#333333;font-family:Arial, &quot;Microsoft YaHei&quot;;">天猫双十一狂欢夜VI：</h2><p class="picbox" style="margin-top:0px;margin-bottom:16px;padding:0px;text-align:center;color:#333333;font-family:Arial, &quot;Microsoft YaHei&quot;;font-size:16px;"><img src="https://wx4.sinaimg.cn/large/91554da5ly1fl0nkwhnrsj20jg1fa0xq.jpg"/></p><h2 style="margin:0px 0px 16px;padding:0px;font-size:22px;font-weight:400;color:#333333;font-family:Arial, &quot;Microsoft YaHei&quot;;">全链路「Open」：</h2><p class="picbox" style="margin-top:0px;margin-bottom:16px;padding:0px;text-align:center;color:#333333;font-family:Arial, &quot;Microsoft YaHei&quot;;font-size:16px;"><img src="https://wx4.sinaimg.cn/large/91554da5ly1fl0nlbjhrrj20700cigrh.jpg"/></p><p class="picbox" style="margin-top:0px;margin-bottom:16px;padding:0px;text-align:center;color:#333333;font-family:Arial, &quot;Microsoft YaHei&quot;;font-size:16px;"><img src="https://wx1.sinaimg.cn/large/91554da5ly1fl0nlh7l3rj20jg0axjro.jpg"/></p><h2 style="margin:0px 0px 16px;padding:0px;font-size:22px;font-weight:400;color:#333333;font-family:Arial, &quot;Microsoft YaHei&quot;;">走向世界的双十一：</h2><p class="picbox" style="margin-top:0px;margin-bottom:16px;padding:0px;text-align:center;color:#333333;font-family:Arial, &quot;Microsoft YaHei&quot;;font-size:16px;"><img src="https://wx4.sinaimg.cn/large/91554da5ly1fl0nlqfq4wj20jg0jg40s.jpg"/></p><p class="picbox" style="margin-top:0px;margin-bottom:16px;padding:0px;text-align:center;color:#333333;font-family:Arial, &quot;Microsoft YaHei&quot;;font-size:16px;"><img src="https://wx3.sinaimg.cn/large/91554da5ly1fl0nm089d9j20jg0ycaew.jpg"/></p><p class="picbox" style="margin-top:0px;margin-bottom:16px;padding:0px;text-align:center;color:#333333;font-family:Arial, &quot;Microsoft YaHei&quot;;font-size:16px;"><img src="https://wx1.sinaimg.cn/large/91554da5ly1fl0nm07s10j20jg0si415.jpg"/></p><p style="margin-top:0px;margin-bottom:16px;padding:0px;color:#333333;font-family:Arial, &quot;Microsoft YaHei&quot;;font-size:16px;">当然，双十一的精彩远远不止这些，还需要你在不断的<strong>「Open」</strong>中找到属于你自己的精彩，祝你双十一快乐！ <br/></p><p><br/></p>', 'http://localhost/vuethink/php/uploads/20171209/380c149a6ec00b1ef55be3931255f7a2.jpg', '2017/12/09', '叶晟荣品牌设计顾问', 12, '0'),
(16, '小即美已过时？造作要做大而美的家居品牌', '<p>文章简介：一年的线下实体店试运营之后，造作今年开始拓展。本着“从大师到大众”的理念，造作给市场带来出自大牌设计师之手，却走进大众市场的商品。</p><p>一年的线下实体店试运营之后，造作今年开始拓展。本着“从大师到大众”的理念，造作给市场带来出自大牌设计师之手，却走进大众市场的商品。</p><p style="text-align:center;"><img src="http://localhost//vuethink/php/ueditor/20171211/1512959474796432.jpg"/></p><p style="text-indent:2em;">不容小觑的国内新兴<a href="http://www.yeshengrong.com/news/www.ye2005.com" target="_blank">家居品牌</a></p><p style="text-indent:2em;">一年的线下实体店试运营之后，造作今年开始拓展。本着“从大师到大众”的理念，造作给市场带来出自大牌设计师之手，却走进大众市场的商品。</p><p style="text-indent:2em;">造作，古汉语中意为制造、制作，现代释义则赋予其一丝傲娇的贬义。而这样一个褒贬不一又富含多层意思的词，却受到了一个<a href="http://www.yeshengrong.com/news/www.ye2005.com" target="_blank">设计类家居品牌</a>的青睐，并将其用作品牌名。</p><p style="text-indent:2em;">因为创始人及其团队认为：一个没有棱角的品牌是站立不住的，与其甜腻庸俗，不如别致有趣。于是“造作”这个<a href="http://www.yeshengrong.com/news/www.ye2005.com" target="_blank">家居品牌</a>，在2015年正式上线。</p><p style="text-indent:2em;">在经过了一年的线下实体店试运营之后，造作在今年开始了门店拓展。本着“从大师到大众”的理念，造作给市场带来的是出自大牌设计师之手，却能走进大众市场为人接受的商品。</p><p style="text-indent:2em;">创始人舒为也表示，造作的愿心，就是要在设计类家居品牌的领域里，成为消费者的选择目的地。</p><p style="text-indent:2em;"><strong>家居店+购物中心 把生活方式常态化</strong></p><p style="text-align:center;"><img src="http://localhost//vuethink/php/ueditor/20171211/1512959475117403.jpg"/></p><p style="text-indent:2em;">随着中产阶级的崛起，越来越多的消费者对家居开始有更多日常化的需求。加之消费习惯的改变与升级，家居业态进驻购物中心的趋势也日渐明显。对于<a href="http://www.yeshengrong.com/news/www.ye2005.com" target="_blank">家居品牌</a>进驻购物中心的新模式，造作创始人舒为这样理解：“以前谈及家具家居，无非是家纺店和家具城。而现在的消费者更需要的是生活方式，需要美学提案者。”消费者在不断期待着购物中心可以成为一站式完成生活娱乐所有目的，而家居这个品类的进驻无疑完整了生活类业态。</p><p style="text-indent:2em;">舒为认为，<a href="http://www.yeshengrong.com/news/www.ye2005.com" target="_blank">家居品牌</a>进入购物中心，带入了文化和设计的元素，相较于时尚的设计，家居类更为安静。此外，家居店能够提升消费者的驻店时间，而其专业的橱窗陈列和产品的设计元素，也会带动购物中心的其他店铺。“在北京颐堤港，很多店铺都会来造作买我们的产品，回去放在自己的店里做装饰。整个氛围是互相认可、互相合力的。”</p><p style="text-indent:2em;">在最基础的餐饮消费，和之后的服饰、美容等消费之后，中产阶级家庭对家居有了更多日常化的需求。基于这样的消费变化，舒为认为<a href="http://www.yeshengrong.com/news/www.ye2005.com" target="_blank">家居品牌</a>进入购物中心，正是迎合了这种日常化。</p><p style="text-indent:2em;"><strong>线上线下互融 用数据映衬导流</strong></p><p style="text-align:center;"><img src="http://localhost//vuethink/php/ueditor/20171211/1512959475112571.jpg"/></p><p style="text-indent:2em;">以线上店开始的造作，在经过三年的不断探索、磨合、发展后，已经成功地将<a href="http://www.yeshengrong.com/news/www.ye2005.com" target="_blank">线上家居品牌</a>拓展至线下门店。而这也是造作与<a href="http://www.yeshengrong.com/news/www.ye2005.com" target="_blank">常规家居品牌</a>的不同之处。</p><p style="text-indent:2em;">对于线上官网和线下实体店，舒为觉得这两条渠道是互融互通的。“造作非常强调线上线下的互相印证，我们相当一部分进店的客人，都已经从互联网上有了对造作的认知。这批客人进店之后目标性很强，购买率很高，这就是一个线上向线下引流的过程。”</p><p style="text-indent:2em;">而对于首次到店需要了解造作的顾客，线上成千上万的晒单和买家的搭配就成了可以给消费者的最直接的介绍。“在实体店购买的顾客，回去之后也可以在官网上晒单，顾客很乐意在线上相互借鉴搭配。如此，我们不但打通了互联网人与人之间平等沟通的数据，也实现了线上线下用户数据的互相映衬。”</p><p style="text-indent:2em;">作为一个<a href="http://www.yeshengrong.com/news/www.ye2005.com" target="_blank">线上家居品牌</a>，造作有自己的后台，数据的实时累计分析可以预测到未来4-6个月的库存变化状况。这个预测系统，就很好地解决了一个批量生产的设计师家居品牌的库存问题。　</p><p style="text-indent:2em;"><strong>用设计说话 大师级品牌也亲民</strong></p><p style="text-align:center;"><img src="http://localhost//vuethink/php/ueditor/20171211/1512959476828017.jpg"/></p><p style="text-indent:2em;">在诸多的设计类家居品牌中，坚持大规模原创并批量化标品生产的，当属造作最为头牌。既然是<a href="http://www.yeshengrong.com/news/www.ye2005.com" target="_blank">设计师品牌</a>，自然在产品的研发、设计上有着自身的独到之处。</p><p style="text-indent:2em;">舒为介绍说，在造作，每一件产品都要符合三大要素的标准。“首先是设计意图和外观。我们会要求在现代设计的范畴之内，把功能与形式相统一，这是造作的核心观念；其次是色彩的标准，造作的色彩是一个很强化的印象。我们会把颜色的互相搭配埋到产品里面，这样就实现了用户可以大胆选择搭配；第三就是技术的标准，每一个单品都有固定的产品标准。而每一个材料标准里，我们都会升标，力求精致舒适。”</p><p style="text-indent:2em;">用最顶尖的大牌设计师，做大众市场的商品，造作的这个理念是对市场的一个挑战。舒为认为，如果一个设计正品，不能将产品做到可以让大众接受的价格，那不是本事。“我要在标准控制之下，尽量把毛利打下去，把生产效率提起来，在生产规模和库存周转上做很多优化。让更多大众用户能够拿到大牌设计正品，这是我们做这个家居品牌最核心的愿心。”　　&nbsp;</p><p style="text-indent:2em;"><strong>发力布局一线城市 主打城市居民区</strong></p><p style="text-align:center;"><img src="http://localhost//vuethink/php/ueditor/20171211/1512959476625251.jpg"/></p><p style="text-indent:2em;">截至目前，造作已经在上海、北京、深圳落户4家实体门店。今年4月份已经完成B轮融资的造作，在接下来的两年中会加快扩展的步伐。</p><p style="text-indent:2em;">舒为透露，造作会以旗舰店+精品店的模式先发力布局北上广深这4个一线城市。上海的门店数量在2018年底之前会增开4、5家。</p><p style="text-indent:2em;">关于合作伙伴，造作会选择运营能力比较强的开发商项目，而选址倾向于城市居民区而非旅游区和核心商业区。对于楼层和落位，造作更青睐<a href="http://www.yeshengrong.com/news/www.ye2005.com" target="_blank">中端家居品牌</a>所在的人流量大的楼层。</p><p style="text-indent:2em;">完成一线城市布局之后，造作计划在2019年双管齐下，开始进行海外市场和新一线城市的同步布局。</p><p><br/></p>', 'http://localhost/vuethink/php/uploads/20171211/c5d18b01fc0ec74fbdec09853467aeda.jpg', '2017/12/11', '叶晟荣品牌设计顾问', 13, '0');

-- --------------------------------------------------------

--
-- 表的结构 `sinoye_service`
--

CREATE TABLE IF NOT EXISTS `sinoye_service` (
  `id` int(11) NOT NULL AUTO_INCREMENT,
  `backimage` varchar(255) DEFAULT NULL,
  `title` varchar(255) DEFAULT NULL,
  `content` text,
  `create_time` varchar(50) NOT NULL,
  `order` int(11) DEFAULT '0',
  PRIMARY KEY (`id`)
) ENGINE=MyISAM  DEFAULT CHARSET=utf8 COMMENT='服务表' AUTO_INCREMENT=298 ;

--
-- 转存表中的数据 `sinoye_service`
--

INSERT INTO `sinoye_service` (`id`, `backimage`, `title`, `content`, `create_time`, `order`) VALUES
(286, 'http://192.168.1.138/vuethink/php/uploads/20171204/6e77246b65452325e2b7be2dfc863ae0.png', '协助家居企业打造极具情感影响力的性感品牌形象!', '<h1 class="serve-move trans-down">协助家居企业打造极具情感影响力的性感品牌形象!</h1><p class="serve-move trans-down">一个真正有影响力的品牌不仅是价值主张和销售产品，更是基于价值与产品或服务与消费者之间的情感交流。</p><p class="serve-move trans-down">我们主张这一品牌理念--做感性的人，创性感的企业并彼此深度分享的价值信念。</p><p class="serve-move trans-down">它是真正承载企业与消费者双方的基础，并用以规划整体品牌营销体系。</p>', '2017-11-29 16:37', 1),
(287, 'http://192.168.1.138/vuethink/php/uploads/20171204/9b3f853384073b11edcdd0f28c4efdfa.png', '构建实效性品牌 - 策略先行', '<h1 class="serve-move trans-down">构建实效性品牌 - 策略先行</h1><p class="serve-move trans-down">品牌策略是一系列能够产生品牌资产积累的品牌决策与营销方法，其核心在于如何在受众情感中形成品牌认知！</p><p class="serve-move trans-down">· 品牌研究 · 品牌诊断定位 · 品牌架构梳理 · 品牌核心价值/SLGON</p><p class="serve-move trans-down">· 手机网站/微官网 · 微信小程序/微专题/微传单 · 公众号托管运维</p>', '2017-11-29 16:37', 3),
(288, 'http://192.168.1.138/vuethink/php/uploads/20171204/de835e7a5ab8db115635ca3c8c25e7dd.png', '品牌有型 创意无限', '<h1 class="serve-move trans-down">品牌有型 创意无限</h1><p class="serve-move trans-down">在品牌准确定位的基础之上，通过一系列个性化、系统化的视觉设计与受众进行有效的视觉沟通并感知品牌核心价值观！</p><p class="serve-move trans-down">· 品牌中英文命名 · 品牌标识与核心元素设计 · 品牌风格 · VIS体系设计 吉祥物 · 品牌文化 · 品牌故事</p>', '2017-11-29 16:37', 4),
(289, 'http://192.168.1.138/vuethink/php/uploads/20171204/b4cb16001f54d97e2d4146079c66e797.png', '品牌整合营销与实效传播', '<h1 class="serve-move trans-down">品牌整合营销与实效传播</h1><p class="serve-move trans-down">树立强势品牌要以品牌核心价值为基准的传播计划及执行、品牌跟踪与评估品牌营销方式，而且品牌推广强调一致性，在执行过程中的各个细节都要统一，细节决定品牌高度!</p><p class="serve-move trans-down">· 品牌传播策略名 · 品牌整合营销传播 · 品牌年度服务 · 宣传物料设计 · 活动会议策划执行 · 广告创意 企业宣传片 · 品牌文化 · 品牌故事</p>', '2017-11-29 17:07', 7),
(295, 'http://192.168.1.138/vuethink/php/uploads/20171204/f2dc528d5f4f1358126f6157235deb9c.png', '创新、个性、实效', '<h1 class="serve-move trans-down">创新、个性、实效</h1><p class="serve-move trans-down">叶晟荣团队通过创新性、个性化、实效性的品牌策略与设计方式，</p><p class="serve-move trans-down">并运用叶晟荣自有&quot;性感品牌&quot;创作模式，帮助客户构建极具情感影响力的品牌体系，</p><p class="serve-move trans-down">协助更多的中国企业塑造国际化的品牌形象。</p>', '2017-12-01 18:17', 2),
(296, 'http://192.168.1.138/vuethink/php/uploads/20171204/a8d66fa1b3a78417ca056e0f142276c8.png', '创造出个性化、互动的品牌营销方式', '<h1 class="serve-move trans-down">创造出个性化、互动的品牌营销方式</h1><p class="serve-move trans-down">品牌体验是顾客通过感觉、情感、思维、行动、关系(SEMs战略体验模块)对品牌的具体经历和感受,并创造出个性化、互动的品牌营销方式!</p><p class="serve-move trans-down">· 终端店面SI设计 · 产品规划与设计 · 包装设计 · 网络视觉设计 · 环境导示设计</p>', '2017-12-01 18:20', 5),
(297, 'http://192.168.1.138/vuethink/php/uploads/20171204/6039607fca0504377e6f2ee682732e97.png', '名道品牌制作 - 为品牌落地保驾护航', '<h1 class="serve-move trans-down">名道品牌制作 - 为品牌落地保驾护航</h1><p class="serve-move trans-down">专业的品牌制作与监理保证品牌推广过程中品牌形象的个化化与一致性！</p><p class="serve-move trans-down">· 物料印刷制作 · 展厅搭建 · 店面施工监理 · 导示制作施工</p>', '2017-12-01 18:23', 6);

-- --------------------------------------------------------

--
-- 表的结构 `sinoye_shou_ye`
--

CREATE TABLE IF NOT EXISTS `sinoye_shou_ye` (
  `id` int(11) NOT NULL AUTO_INCREMENT,
  `title` varchar(255) DEFAULT NULL COMMENT '分类名称',
  `pid` int(11) DEFAULT NULL COMMENT '父级id',
  `path` int(11) DEFAULT NULL COMMENT '子类id',
  `type` varchar(50) DEFAULT NULL COMMENT '0视频链接1banner图2页脚信息3中部数字部分',
  `banner` varchar(255) DEFAULT NULL COMMENT '栏目banner',
  `url` varchar(100) DEFAULT NULL COMMENT '栏目链接',
  `content` text,
  `order` int(11) DEFAULT NULL COMMENT '栏目排序',
  `create_time` varchar(50) DEFAULT NULL COMMENT '添加时间',
  PRIMARY KEY (`id`)
) ENGINE=MyISAM  DEFAULT CHARSET=utf8 COMMENT='网站首页表' AUTO_INCREMENT=14 ;

--
-- 转存表中的数据 `sinoye_shou_ye`
--

INSERT INTO `sinoye_shou_ye` (`id`, `title`, `pid`, `path`, `type`, `banner`, `url`, `content`, `order`, `create_time`) VALUES
(1, 'banner1', NULL, NULL, '1', 'http://localhost/vuethink/php/uploads/20171130/2af7de041ba81ebab3a6ed5cb6a09877.jpg', '', '<p>banner1</p>', 1, '2017-11-27 13:45'),
(2, 'banner2', NULL, NULL, '1', 'http://localhost/vuethink/php/uploads/20171130/b14f032cba7c9b93de1dddc02fd3ac45.jpg', '', '<p>banner2</p>', 2, '2017-11-27 13:45'),
(3, 'banner3', NULL, NULL, '1', 'http://localhost/vuethink/php/uploads/20171130/c7501ec36ced730ea89c5a5d7f347c19.jpg', '', '<p>banner3</p>', 3, '2017-11-27 13:46'),
(4, '感性企业 性感品牌', NULL, NULL, '0', '', 'http://localhost/vuethink/php/uploads\\video\\bg3.webm', '<p>叶晟荣团队通过创新性、个性化、实效性的品牌策略与设计方式，并运用</p><p>叶晟荣自有&quot;性感品牌&quot;创作模式，帮助客户构建极具情感影响力的品牌体系，</p><p>协助更多的中国企业塑造国际化的品牌形象。</p>', 5, '2017-11-27 13:46'),
(9, '感性企业 性感品牌', NULL, NULL, '0', '', 'http://localhost/vuethink/php/uploads\\video\\bg3.webm', '<p>叶晟荣团队通过创新性、个性化、实效性的品牌策略与设计方式，并运用</p><p>叶晟荣自有&quot;性感品牌&quot;创作模式，帮助客户构建极具情感影响力的品牌体系，</p><p>协助更多的中国企业塑造国际化的品牌形象。</p>', 6, '2017-11-29 18:31'),
(5, '页脚标题', NULL, NULL, '2', '', '', '<h2>树立泛家居强势品牌！从这里开始！</h2><h3>我们始终坚信创建极具情感影响力的性感品牌对企业发展的重要性，并在此与你一起分享和交流</h3><aside><br/></aside>', 8, '2017-11-27 13:47'),
(13, '页脚电话', NULL, NULL, '2', '', '', '<aside><p>咨询相关问题或预约面谈，可以通过以下方式与我们联系。</p><p><span class="sp2">010-59455994</span> <span class="sp2">4006-0303-99</span></p></aside>', 9, '2017-11-30 17:10'),
(10, '感性企业 性感品牌', NULL, NULL, '0', '', 'http://localhost/vuethink/php/uploads\\video\\bg3.webm', '<p>叶晟荣团队通过创新性、个性化、实效性的品牌策略与设计方式，并运用</p><p>叶晟荣自有&quot;性感品牌&quot;创作模式，帮助客户构建极具情感影响力的品牌体系，</p><p>协助更多的中国企业塑造国际化的品牌形象。</p>', 7, '2017-11-29 18:31'),
(11, '策略型品牌设计与研究机构', NULL, NULL, '3', '', '', '<p>历经十载 专注于为家居企业提供品牌策略咨询、品牌诊断、品牌设计与品牌传播整体解决方案！</p>', 4, '2017-11-30 11:43');

-- --------------------------------------------------------

--
-- 表的结构 `sinoye_system_config`
--

CREATE TABLE IF NOT EXISTS `sinoye_system_config` (
  `id` int(11) unsigned NOT NULL AUTO_INCREMENT COMMENT '配置ID',
  `name` varchar(50) DEFAULT '',
  `value` varchar(500) DEFAULT NULL COMMENT '配置值',
  `group` tinyint(4) unsigned DEFAULT '0' COMMENT '配置分组',
  `need_auth` tinyint(4) DEFAULT '1' COMMENT '1需要登录后才能获取，0不需要登录即可获取',
  PRIMARY KEY (`id`),
  UNIQUE KEY `参数名` (`name`) USING BTREE
) ENGINE=InnoDB  DEFAULT CHARSET=utf8 COMMENT='【配置】系统配置表' AUTO_INCREMENT=10 ;

--
-- 转存表中的数据 `sinoye_system_config`
--

INSERT INTO `sinoye_system_config` (`id`, `name`, `value`, `group`, `need_auth`) VALUES
(1, 'SYSTEM_NAME', '国内领先的家居行业 品牌策划|品牌设计|logo设计|vi设计|网站设计|空间设计|叶晟荣家居顾问机构', 0, 1),
(2, 'SYSTEM_LOGO', 'http://localhost/vuethink/php/uploads\\20171130\\aff608cfe738592321f93a9f44cac197.png', 0, 1),
(3, 'LOGIN_SESSION_VALID', '36000', 0, 1),
(4, 'IDENTIFYING_CODE', '0', 0, 1),
(5, '  LOGO_TYPE', NULL, 0, 1),
(6, 'COPY_RIGHT', 'Copyright © 2017 叶晟荣品牌策划与设计 版权所有', 0, 1),
(7, 'BEI_AN', '京公网安备110888号', 0, 1),
(8, 'KEY_WORD', 'LOGO设计,标志设计,VI设计,导示设计,终端店面设计,品牌策略,品牌设计,品牌策划,品牌形象,品牌塑造,企业文化,产品规划与设计,定制家居画册设计,家居品牌策划,家居品牌设计,家居品牌升级,叶晟荣品牌设计顾问', 0, 1),
(9, 'DESCRIPTION', '叶晟荣品牌设计顾问专注于大家居行业，为企业提供品牌咨询、品牌设计(LOGO设计,标志设计,VI设计,品牌形象塑造)、品牌营销整体解决方案，家居企业首选的品牌服务合作商！定制家居、橱衣柜、智能家居、沙发软床等行业品牌设计,品牌升级就找叶晟荣品牌设计顾问机构', 0, 1);

/*!40101 SET CHARACTER_SET_CLIENT=@OLD_CHARACTER_SET_CLIENT */;
/*!40101 SET CHARACTER_SET_RESULTS=@OLD_CHARACTER_SET_RESULTS */;
/*!40101 SET COLLATION_CONNECTION=@OLD_COLLATION_CONNECTION */;
